lifesatisfication,income,gender,marry,rent,BMI
Satisfied,less than $20000,Male,Widowed/Divorced/Separated,no,24.54
Satisfied,$20000~$39999,Male,Single,no,27.29
Satisfied,$80000 or more,Male,Married,no,24.2
Satisfied,$80000 or more,Female,Married,no,42.79
Satisfied,$60000~$79999,Female,Single,no,29.45
Satisfied,$60000~$79999,Female,Single,no,20.29
Satisfied,$80000 or more,Male,Married,no,28.6
Neither satisfied nor dissatisfied,less than $20000,Female,Widowed/Divorced/Separated,no,38.31
Satisfied,$80000 or more,Female,Married,no,30.2
Satisfied,$80000 or more,Female,Common-law,no,25.75
Satisfied,$80000 or more,Male,Common-law,no,30.04
Satisfied,$60000~$79999,Female,Single,no,43.74
Satisfied,$60000~$79999,Male,Single,no,21.65
Neither satisfied nor dissatisfied,$40000~$59999,Male,Widowed/Divorced/Separated,no,25.03
Satisfied,$20000~$39999,Male,Single,no,27.36
Satisfied,$60000~$79999,Male,Widowed/Divorced/Separated,no,21.9
Satisfied,$80000 or more,Male,Common-law,no,24.46
Satisfied,$20000~$39999,Male,Single,yes,28.5
Satisfied,$40000~$59999,Female,Single,no,21.57
Satisfied,$60000~$79999,Female,Married,no,31.04
Satisfied,$40000~$59999,Male,Common-law,yes,21.49
Satisfied,$80000 or more,Male,Married,no,29.32
Satisfied,$60000~$79999,Female,Single,no,24.37
Satisfied,$40000~$59999,Female,Single,yes,23.89
Satisfied,$20000~$39999,Male,Married,no,31.08
Satisfied,$20000~$39999,Female,Single,no,28.48
Dissatisfied,$60000~$79999,Male,Widowed/Divorced/Separated,no,26.42
Satisfied,$20000~$39999,Female,Single,yes,17.99
Satisfied,$80000 or more,Female,Common-law,yes,22.44
Satisfied,$80000 or more,Female,Common-law,no,27.79
Satisfied,$40000~$59999,Male,Single,no,25.73
Dissatisfied,$80000 or more,Female,Common-law,yes,30.43
Satisfied,$20000~$39999,Male,Single,yes,29.77
Satisfied,$80000 or more,Female,Married,no,33.56
Dissatisfied,$20000~$39999,Female,Widowed/Divorced/Separated,no,28.15
Satisfied,less than $20000,Female,Widowed/Divorced/Separated,yes,21.56
Satisfied,$20000~$39999,Female,Married,no,30.91
Neither satisfied nor dissatisfied,$80000 or more,Female,Married,no,23.67
Neither satisfied nor dissatisfied,$40000~$59999,Male,Married,no,34.67
Satisfied,$80000 or more,Male,Married,no,31.61
Satisfied,$20000~$39999,Male,Married,no,32.73
Satisfied,$20000~$39999,Male,Single,yes,28.5
Neither satisfied nor dissatisfied,$40000~$59999,Female,Single,yes,22.95
Satisfied,$40000~$59999,Male,Widowed/Divorced/Separated,no,26.42
Satisfied,$80000 or more,Female,Married,no,23.51
Satisfied,$20000~$39999,Male,Single,yes,48.37
Satisfied,$20000~$39999,Female,Widowed/Divorced/Separated,yes,26.39
Satisfied,$60000~$79999,Male,Widowed/Divorced/Separated,yes,24.65
Dissatisfied,less than $20000,Male,Single,yes,18.88
Satisfied,$20000~$39999,Male,Single,yes,26.49
Satisfied,less than $20000,Male,Widowed/Divorced/Separated,yes,25.47
Satisfied,$80000 or more,Male,Married,no,23.6
Satisfied,$20000~$39999,Male,Widowed/Divorced/Separated,yes,34.54
Satisfied,$60000~$79999,Female,Married,no,24.67
Satisfied,$80000 or more,Male,Married,no,28.37
Satisfied,$80000 or more,Female,Widowed/Divorced/Separated,yes,40.61
Satisfied,$80000 or more,Female,Married,no,20.75
Satisfied,$20000~$39999,Female,Married,no,23.12
Satisfied,$80000 or more,Male,Married,no,27.01
Satisfied,$60000~$79999,Female,Common-law,yes,27.61
Satisfied,$80000 or more,Female,Single,no,23.14
Satisfied,$80000 or more,Female,Widowed/Divorced/Separated,no,25.91
Satisfied,$40000~$59999,Female,Single,yes,24.82
Satisfied,$60000~$79999,Female,Single,no,20.21
Satisfied,$80000 or more,Female,Widowed/Divorced/Separated,no,34.59
Satisfied,less than $20000,Male,Common-law,yes,33.93
Satisfied,$80000 or more,Male,Married,no,29.06
Dissatisfied,$20000~$39999,Female,Widowed/Divorced/Separated,yes,28.48
Satisfied,less than $20000,Female,Single,no,29.65
Satisfied,$20000~$39999,Female,Single,yes,22.74
Satisfied,$60000~$79999,Male,Common-law,yes,33.59
Satisfied,$80000 or more,Male,Single,yes,24.83
Satisfied,$40000~$59999,Male,Single,no,23.62
Satisfied,$20000~$39999,Female,Married,yes,25.91
Satisfied,$80000 or more,Male,Married,no,24.92
Satisfied,$40000~$59999,Female,Married,no,27.38
Satisfied,$80000 or more,Female,Married,no,24.95
Satisfied,$40000~$59999,Male,Single,yes,19.22
Satisfied,$80000 or more,Female,Married,no,30.29
Satisfied,$80000 or more,Male,Married,no,22.21
Satisfied,$40000~$59999,Female,Married,no,23.12
Satisfied,less than $20000,Male,Widowed/Divorced/Separated,no,24.9
Satisfied,$80000 or more,Female,Married,no,19.7
Satisfied,$60000~$79999,Male,Single,no,20.67
Satisfied,$80000 or more,Male,Married,yes,27.25
Satisfied,less than $20000,Female,Single,no,22.05
Satisfied,$20000~$39999,Female,Single,yes,20.08
Satisfied,$60000~$79999,Male,Single,no,44.7
Satisfied,less than $20000,Female,Married,no,22.88
Satisfied,$80000 or more,Female,Married,no,41.12
Satisfied,$60000~$79999,Male,Single,no,22.01
Satisfied,$80000 or more,Male,Married,no,24.46
Dissatisfied,less than $20000,Female,Widowed/Divorced/Separated,yes,22.05
Neither satisfied nor dissatisfied,$40000~$59999,Male,Married,no,29.91
Satisfied,$80000 or more,Female,Married,no,20.08
Satisfied,$80000 or more,Male,Married,no,43.74
Satisfied,$40000~$59999,Male,Single,no,20.64
Satisfied,$40000~$59999,Female,Married,yes,26.49
Satisfied,$20000~$39999,Female,Widowed/Divorced/Separated,yes,33.59
Neither satisfied nor dissatisfied,$20000~$39999,Female,Common-law,yes,31.43
Satisfied,$60000~$79999,Male,Married,no,30.44
Satisfied,$60000~$79999,Male,Married,no,22.21
Satisfied,$40000~$59999,Female,Married,no,33.56
Satisfied,$40000~$59999,Female,Widowed/Divorced/Separated,no,25.14
Satisfied,$20000~$39999,Female,Married,no,32.3
Satisfied,$80000 or more,Female,Married,no,29.39
Satisfied,$20000~$39999,Female,Married,no,28.66
Satisfied,$80000 or more,Female,Married,no,28.5
Satisfied,$80000 or more,Female,Married,yes,27.64
Satisfied,$80000 or more,Male,Married,no,25.68
Satisfied,$60000~$79999,Female,Single,no,30.2
Satisfied,$40000~$59999,Male,Widowed/Divorced/Separated,no,24.96
Satisfied,$80000 or more,Male,Married,no,28.72
Satisfied,$20000~$39999,Male,Common-law,yes,27.31
Satisfied,$80000 or more,Female,Married,no,22.44
Satisfied,$40000~$59999,Female,Widowed/Divorced/Separated,no,23.96
Satisfied,less than $20000,Female,Widowed/Divorced/Separated,yes,31.29
Neither satisfied nor dissatisfied,$40000~$59999,Male,Widowed/Divorced/Separated,no,25.7
Satisfied,$20000~$39999,Male,Single,yes,27.34
Satisfied,$20000~$39999,Male,Married,yes,25.19
Satisfied,$80000 or more,Male,Married,no,24.27
Satisfied,$80000 or more,Male,Married,no,20.2
Satisfied,$40000~$59999,Female,Married,no,46.73
Satisfied,$80000 or more,Male,Single,yes,31.8
Satisfied,$80000 or more,Female,Common-law,no,21.92
Satisfied,$80000 or more,Female,Married,no,22.78
Satisfied,$80000 or more,Female,Married,no,27.64
Satisfied,$80000 or more,Male,Married,no,27.22
Satisfied,$60000~$79999,Female,Common-law,no,20.93
Satisfied,$20000~$39999,Male,Married,no,29.65
Satisfied,$20000~$39999,Female,Single,no,23.55
Satisfied,$80000 or more,Male,Widowed/Divorced/Separated,no,29.29
Satisfied,$80000 or more,Female,Married,no,24.17
Satisfied,$20000~$39999,Female,Widowed/Divorced/Separated,no,39.63
Satisfied,$40000~$59999,Male,Common-law,no,34.14
Satisfied,$20000~$39999,Male,Common-law,no,24.9
Satisfied,$60000~$79999,Male,Single,yes,27.34
Satisfied,$80000 or more,Male,Common-law,no,35.16
Satisfied,$80000 or more,Male,Single,yes,39.45
Satisfied,$80000 or more,Female,Common-law,no,25.04
Neither satisfied nor dissatisfied,$80000 or more,Male,Widowed/Divorced/Separated,no,23.89
Satisfied,$80000 or more,Male,Married,no,31.08
Satisfied,$40000~$59999,Male,Married,no,22.56
Satisfied,$80000 or more,Female,Married,no,34.99
Satisfied,less than $20000,Male,Single,yes,24.91
Satisfied,$60000~$79999,Female,Widowed/Divorced/Separated,yes,29.45
Neither satisfied nor dissatisfied,$80000 or more,Male,Married,yes,20.98
Satisfied,$20000~$39999,Male,Widowed/Divorced/Separated,no,24.96
Satisfied,$60000~$79999,Male,Single,yes,24.27
Satisfied,$80000 or more,Female,Common-law,no,33.55
Neither satisfied nor dissatisfied,$60000~$79999,Female,Married,no,33.56
Satisfied,$80000 or more,Female,Married,no,29.45
Satisfied,$80000 or more,Male,Married,no,24.9
Satisfied,$20000~$39999,Female,Married,yes,26.18
Dissatisfied,less than $20000,Male,Single,yes,33.92
Satisfied,$20000~$39999,Female,Widowed/Divorced/Separated,yes,35.66
Satisfied,$80000 or more,Female,Married,no,19.7
Satisfied,less than $20000,Female,Single,yes,18.61
Satisfied,$40000~$59999,Female,Single,yes,37.21
Satisfied,$80000 or more,Female,Common-law,no,34.25
Satisfied,$40000~$59999,Female,Single,yes,47.55
Satisfied,$40000~$59999,Female,Common-law,no,29.07
Satisfied,less than $20000,Male,Widowed/Divorced/Separated,no,30.2
Satisfied,$80000 or more,Female,Single,no,22.62
Satisfied,$80000 or more,Female,Married,no,26
Satisfied,$20000~$39999,Male,Married,yes,29.77
Satisfied,$40000~$59999,Female,Married,yes,23.52
Satisfied,$20000~$39999,Male,Single,yes,21.13
Satisfied,$80000 or more,Female,Married,no,26.15
Satisfied,$40000~$59999,Male,Married,no,25.74
Satisfied,$80000 or more,Female,Widowed/Divorced/Separated,yes,31.11
Satisfied,less than $20000,Male,Widowed/Divorced/Separated,yes,26.8
Satisfied,$60000~$79999,Female,Married,yes,31.13
Satisfied,$60000~$79999,Female,Married,yes,40.53
Satisfied,$80000 or more,Female,Married,no,32.09
Satisfied,$20000~$39999,Male,Single,yes,25.74
Satisfied,$80000 or more,Male,Common-law,no,30.76
Satisfied,$40000~$59999,Male,Single,yes,25.7
Satisfied,$40000~$59999,Female,Married,yes,38.93
Satisfied,$80000 or more,Male,Married,no,30.76
Satisfied,$80000 or more,Male,Married,no,27.29
Satisfied,$80000 or more,Female,Single,no,22.74
Satisfied,$80000 or more,Male,Married,no,32.79
Satisfied,$80000 or more,Female,Married,no,22.38
Neither satisfied nor dissatisfied,$20000~$39999,Male,Widowed/Divorced/Separated,yes,35.68
Satisfied,$60000~$79999,Male,Married,no,24.49
Satisfied,$80000 or more,Female,Married,no,25.81
Satisfied,less than $20000,Male,Widowed/Divorced/Separated,yes,30.2
Neither satisfied nor dissatisfied,less than $20000,Male,Single,no,27.96
Satisfied,$20000~$39999,Female,Widowed/Divorced/Separated,yes,24.6
Satisfied,$20000~$39999,Female,Married,no,26.66
Satisfied,$60000~$79999,Female,Widowed/Divorced/Separated,yes,38.57
Satisfied,$80000 or more,Female,Married,no,25.14
Satisfied,$80000 or more,Female,Married,no,31.04
Neither satisfied nor dissatisfied,less than $20000,Male,Single,yes,27.36
Satisfied,$20000~$39999,Male,Widowed/Divorced/Separated,no,22.73
Satisfied,$60000~$79999,Female,Married,no,35.24
Satisfied,$20000~$39999,Female,Married,no,22.97
Satisfied,$40000~$59999,Female,Married,no,18.65
Satisfied,$60000~$79999,Male,Single,no,24.13
Satisfied,$40000~$59999,Female,Married,no,32.3
Satisfied,$60000~$79999,Male,Married,no,22.76
Satisfied,$20000~$39999,Male,Widowed/Divorced/Separated,no,30.2
Satisfied,$80000 or more,Female,Married,no,23.14
Satisfied,$60000~$79999,Male,Married,no,26.5
Neither satisfied nor dissatisfied,$40000~$59999,Female,Married,no,33.27
Satisfied,less than $20000,Female,Single,no,16.79
Satisfied,$80000 or more,Male,Married,no,36.53
Satisfied,$20000~$39999,Male,Widowed/Divorced/Separated,yes,24.14
Satisfied,$80000 or more,Female,Married,no,40.71
Satisfied,$60000~$79999,Male,Married,no,29.32
Satisfied,$60000~$79999,Male,Single,no,23.57
Neither satisfied nor dissatisfied,$20000~$39999,Male,Widowed/Divorced/Separated,no,27.78
Satisfied,$80000 or more,Male,Married,no,27.8
Satisfied,$20000~$39999,Female,Single,yes,34.99
Satisfied,$80000 or more,Female,Married,no,25.34
Satisfied,$40000~$59999,Female,Married,no,23.14
Satisfied,less than $20000,Female,Widowed/Divorced/Separated,yes,26.88
Satisfied,$80000 or more,Male,Married,no,21.65
Satisfied,$80000 or more,Male,Common-law,no,27.98
Satisfied,$80000 or more,Male,Widowed/Divorced/Separated,no,26.95
Satisfied,$80000 or more,Male,Married,no,26.19
Satisfied,less than $20000,Male,Single,yes,26.49
Satisfied,less than $20000,Female,Widowed/Divorced/Separated,no,40.14
Satisfied,$40000~$59999,Male,Widowed/Divorced/Separated,yes,26.5
Satisfied,$80000 or more,Female,Married,no,27.97
Satisfied,$60000~$79999,Female,Married,no,32.09
Satisfied,less than $20000,Female,Single,yes,24.17
Satisfied,$80000 or more,Female,Married,yes,26.82
Satisfied,$20000~$39999,Male,Single,yes,31.85
Satisfied,$20000~$39999,Female,Widowed/Divorced/Separated,yes,33.9
Satisfied,$80000 or more,Female,Single,no,32.54
Satisfied,$60000~$79999,Female,Married,no,31.24
Satisfied,$20000~$39999,Male,Married,yes,25.97
Satisfied,$80000 or more,Male,Married,no,24.45
Satisfied,$60000~$79999,Male,Single,yes,23.79
Satisfied,$80000 or more,Female,Married,no,24.82
Neither satisfied nor dissatisfied,$20000~$39999,Female,Widowed/Divorced/Separated,no,40.61
Satisfied,$20000~$39999,Male,Single,yes,32.58
Satisfied,$80000 or more,Female,Married,yes,19.71
Satisfied,$20000~$39999,Female,Widowed/Divorced/Separated,no,22.88
Satisfied,$20000~$39999,Female,Single,yes,45.65
Satisfied,$20000~$39999,Male,Single,no,28.03
Satisfied,$80000 or more,Male,Common-law,no,37.22
Neither satisfied nor dissatisfied,$80000 or more,Female,Single,yes,16.72
Satisfied,$80000 or more,Female,Widowed/Divorced/Separated,no,25.14
Satisfied,$80000 or more,Male,Common-law,no,23.06
Satisfied,$80000 or more,Male,Married,no,25.83
Satisfied,$80000 or more,Female,Married,no,24.82
Satisfied,$80000 or more,Female,Married,no,20.85
Satisfied,$40000~$59999,Female,Single,yes,25.14
Satisfied,less than $20000,Female,Single,yes,21.56
Satisfied,$60000~$79999,Female,Married,no,24.37
Satisfied,less than $20000,Female,Widowed/Divorced/Separated,yes,26.49
Satisfied,$40000~$59999,Female,Single,yes,24.32
Satisfied,$40000~$59999,Male,Married,yes,26.92
Satisfied,$20000~$39999,Female,Single,no,37.78
Satisfied,$80000 or more,Female,Married,no,31.19
Satisfied,$40000~$59999,Female,Married,no,22.88
Satisfied,$80000 or more,Male,Widowed/Divorced/Separated,no,24.54
Satisfied,$20000~$39999,Female,Widowed/Divorced/Separated,no,22.28
Satisfied,$20000~$39999,Female,Married,no,28.46
Satisfied,$20000~$39999,Female,Widowed/Divorced/Separated,no,30.25
Satisfied,$60000~$79999,Male,Married,no,25.74
Satisfied,less than $20000,Male,Widowed/Divorced/Separated,yes,33.18
Satisfied,$20000~$39999,Female,Widowed/Divorced/Separated,no,22.54
Satisfied,$40000~$59999,Male,Common-law,yes,36.58
Satisfied,$80000 or more,Female,Widowed/Divorced/Separated,no,23.14
Satisfied,$80000 or more,Female,Single,no,25.62
Satisfied,$80000 or more,Male,Married,no,30.12
Satisfied,$20000~$39999,Male,Married,yes,36.9
Satisfied,$80000 or more,Male,Married,no,22.16
Satisfied,$60000~$79999,Male,Married,no,26.03
Satisfied,$80000 or more,Female,Married,no,22.05
Satisfied,$60000~$79999,Male,Single,no,24.83
Satisfied,$40000~$59999,Male,Single,yes,34.15
Satisfied,less than $20000,Female,Widowed/Divorced/Separated,no,31.15
Satisfied,$20000~$39999,Male,Widowed/Divorced/Separated,no,25.68
Satisfied,$60000~$79999,Male,Married,no,24.29
Satisfied,$40000~$59999,Female,Single,no,21.92
Satisfied,$80000 or more,Female,Common-law,yes,22.28
Satisfied,$60000~$79999,Male,Married,no,27.15
Satisfied,less than $20000,Male,Widowed/Divorced/Separated,yes,33.39
Satisfied,$40000~$59999,Female,Widowed/Divorced/Separated,no,26.72
Satisfied,$20000~$39999,Female,Single,yes,47.19
Dissatisfied,less than $20000,Female,Widowed/Divorced/Separated,no,17.75
Satisfied,$80000 or more,Male,Married,no,41.05
Satisfied,$60000~$79999,Female,Single,yes,22.88
Satisfied,$20000~$39999,Female,Married,no,21.27
Neither satisfied nor dissatisfied,$40000~$59999,Male,Common-law,no,35.83
Satisfied,$80000 or more,Female,Married,no,24.17
Neither satisfied nor dissatisfied,$20000~$39999,Female,Single,yes,23.14
Satisfied,$80000 or more,Female,Married,no,30.25
Satisfied,$80000 or more,Male,Common-law,no,25.74
Neither satisfied nor dissatisfied,less than $20000,Male,Single,yes,39.01
Satisfied,$80000 or more,Female,Married,no,22.55
Satisfied,$60000~$79999,Female,Widowed/Divorced/Separated,no,29.25
Satisfied,$80000 or more,Male,Married,no,22.2
Dissatisfied,$20000~$39999,Female,Single,yes,19.58
Neither satisfied nor dissatisfied,$20000~$39999,Female,Married,no,24.32
Satisfied,$40000~$59999,Female,Widowed/Divorced/Separated,no,22.78
Dissatisfied,$20000~$39999,Female,Common-law,no,26.72
Satisfied,$40000~$59999,Female,Married,no,37.06
Neither satisfied nor dissatisfied,$40000~$59999,Male,Widowed/Divorced/Separated,no,32.01
Satisfied,$80000 or more,Female,Married,no,28.5
Satisfied,$20000~$39999,Male,Widowed/Divorced/Separated,no,18.73
Satisfied,less than $20000,Female,Widowed/Divorced/Separated,yes,31.29
Satisfied,less than $20000,Female,Single,yes,16.72
Satisfied,$80000 or more,Male,Married,yes,34.63
Satisfied,less than $20000,Male,Single,yes,26.5
Satisfied,$40000~$59999,Female,Widowed/Divorced/Separated,no,41.45
Satisfied,$80000 or more,Male,Single,yes,22.08
Satisfied,$80000 or more,Female,Married,no,34.06
Satisfied,$40000~$59999,Female,Common-law,no,25.56
Neither satisfied nor dissatisfied,less than $20000,Female,Single,yes,26.82
Dissatisfied,$20000~$39999,Female,Widowed/Divorced/Separated,yes,45.65
Satisfied,$60000~$79999,Male,Single,no,29.32
Satisfied,$40000~$59999,Female,Married,no,32.47
Satisfied,$60000~$79999,Male,Single,no,26.42
Satisfied,$80000 or more,Female,Married,no,25.91
Satisfied,$20000~$39999,Male,Single,no,30.01
Satisfied,$80000 or more,Male,Married,no,29.91
Satisfied,$80000 or more,Female,Single,yes,22.62
Satisfied,$80000 or more,Female,Widowed/Divorced/Separated,no,21.57
Satisfied,$80000 or more,Female,Widowed/Divorced/Separated,no,27.16
Satisfied,$40000~$59999,Male,Common-law,no,27.67
Satisfied,$80000 or more,Female,Married,no,22.88
Satisfied,$80000 or more,Male,Married,no,35.11
Satisfied,$60000~$79999,Male,Common-law,no,23.06
Satisfied,$80000 or more,Male,Married,no,26.49
Satisfied,$60000~$79999,Female,Widowed/Divorced/Separated,no,22.28
Satisfied,$80000 or more,Female,Married,no,24.27
Satisfied,$60000~$79999,Male,Married,no,27.25
Satisfied,$80000 or more,Female,Married,no,43.79
Satisfied,$80000 or more,Female,Widowed/Divorced/Separated,yes,36.11
Satisfied,$40000~$59999,Female,Widowed/Divorced/Separated,no,23.72
Neither satisfied nor dissatisfied,$60000~$79999,Female,Married,no,35.66
Satisfied,$40000~$59999,Female,Single,yes,27.63
Satisfied,$40000~$59999,Male,Married,yes,30.66
Satisfied,$40000~$59999,Male,Married,yes,22.66
Satisfied,$60000~$79999,Male,Common-law,no,28.03
Satisfied,$20000~$39999,Female,Married,yes,25.91
Satisfied,less than $20000,Female,Widowed/Divorced/Separated,yes,46.2
Satisfied,$80000 or more,Female,Married,no,26.15
Satisfied,$40000~$59999,Female,Widowed/Divorced/Separated,no,32.3
Satisfied,less than $20000,Male,Single,yes,32.62
Satisfied,less than $20000,Female,Widowed/Divorced/Separated,no,35.53
Satisfied,$60000~$79999,Female,Single,no,27.24
Satisfied,$80000 or more,Male,Married,no,33.59
Satisfied,$60000~$79999,Male,Married,no,21.9
Satisfied,$20000~$39999,Female,Widowed/Divorced/Separated,yes,28.94
Satisfied,$80000 or more,Female,Married,no,27.25
Satisfied,$60000~$79999,Female,Common-law,yes,36.08
Satisfied,$40000~$59999,Male,Single,no,23.37
Satisfied,$80000 or more,Male,Married,no,28.31
Satisfied,$80000 or more,Female,Married,yes,26.15
Satisfied,$40000~$59999,Female,Single,yes,22.96
Satisfied,$80000 or more,Female,Married,no,23.82
Satisfied,$80000 or more,Female,Common-law,no,26.72
Satisfied,$80000 or more,Female,Married,no,23.72
Dissatisfied,$80000 or more,Male,Married,yes,34.63
Satisfied,$80000 or more,Female,Widowed/Divorced/Separated,no,23.91
Satisfied,less than $20000,Female,Widowed/Divorced/Separated,no,21.61
Satisfied,$80000 or more,Male,Married,no,27.17
Satisfied,$80000 or more,Female,Married,no,25.81
Satisfied,$20000~$39999,Male,Married,no,34.05
Satisfied,$60000~$79999,Male,Common-law,no,27.25
Satisfied,$60000~$79999,Female,Single,no,22.08
Satisfied,$40000~$59999,Female,Common-law,yes,25.12
Satisfied,$20000~$39999,Male,Widowed/Divorced/Separated,yes,25.7
Satisfied,$80000 or more,Female,Married,no,21.34
Satisfied,$20000~$39999,Male,Common-law,yes,24.96
Satisfied,$80000 or more,Male,Married,no,30.58
Satisfied,$80000 or more,Female,Married,no,22.97
Satisfied,$40000~$59999,Female,Single,yes,20.08
Satisfied,$80000 or more,Male,Married,no,30.58
Satisfied,$60000~$79999,Male,Married,no,28.86
Satisfied,$40000~$59999,Male,Common-law,no,20.02
Satisfied,$40000~$59999,Male,Married,yes,23.53
Satisfied,$80000 or more,Female,Married,no,21.92
Dissatisfied,$80000 or more,Male,Common-law,no,27.31
Satisfied,$80000 or more,Male,Married,yes,26.48
Satisfied,$40000~$59999,Male,Married,yes,20.84
Satisfied,$40000~$59999,Male,Single,no,28.07
Satisfied,$60000~$79999,Female,Widowed/Divorced/Separated,no,40.61
Satisfied,$80000 or more,Male,Married,no,31.8
Satisfied,$80000 or more,Male,Married,no,31.4
Satisfied,$40000~$59999,Male,Common-law,yes,18.57
Satisfied,less than $20000,Male,Single,yes,33.65
Satisfied,$80000 or more,Female,Married,no,29.45
Satisfied,$80000 or more,Female,Married,no,29.4
Satisfied,$80000 or more,Male,Married,no,24.83
Satisfied,less than $20000,Female,Widowed/Divorced/Separated,yes,31.29
Satisfied,$80000 or more,Female,Common-law,no,30.02
Satisfied,$80000 or more,Female,Widowed/Divorced/Separated,yes,30.2
Satisfied,$20000~$39999,Female,Married,no,26.58
Satisfied,$40000~$59999,Male,Single,no,23.05
Satisfied,$80000 or more,Female,Married,no,31.19
Satisfied,$80000 or more,Female,Married,no,30.25
Satisfied,$40000~$59999,Male,Widowed/Divorced/Separated,no,36.96
Satisfied,$60000~$79999,Male,Single,no,37.66
Satisfied,$40000~$59999,Male,Married,no,25.61
Satisfied,$80000 or more,Male,Common-law,no,35.7
Satisfied,$80000 or more,Female,Married,no,25.75
Satisfied,$60000~$79999,Male,Married,no,24.9
Satisfied,$80000 or more,Female,Widowed/Divorced/Separated,yes,24.03
Satisfied,$80000 or more,Male,Married,no,36.45
Satisfied,$60000~$79999,Female,Widowed/Divorced/Separated,no,26
Satisfied,$80000 or more,Male,Married,no,22.76
Satisfied,$40000~$59999,Female,Married,yes,20
Dissatisfied,$20000~$39999,Female,Widowed/Divorced/Separated,yes,27.79
Satisfied,$80000 or more,Male,Widowed/Divorced/Separated,no,29.56
Neither satisfied nor dissatisfied,$20000~$39999,Male,Single,no,46.19
Satisfied,$40000~$59999,Female,Married,no,32.3
Satisfied,$80000 or more,Male,Married,no,29.61
Satisfied,$80000 or more,Male,Married,no,40.31
Satisfied,$40000~$59999,Male,Married,no,35.7
Satisfied,less than $20000,Male,Single,yes,28.07
Satisfied,$80000 or more,Male,Married,no,22.33
Satisfied,$60000~$79999,Female,Married,no,37.44
Satisfied,$80000 or more,Female,Married,no,26
Satisfied,$20000~$39999,Female,Married,no,32.05
Satisfied,$20000~$39999,Male,Widowed/Divorced/Separated,no,21.96
Satisfied,$40000~$59999,Female,Widowed/Divorced/Separated,yes,24.37
Satisfied,$40000~$59999,Male,Widowed/Divorced/Separated,no,31.8
Dissatisfied,$20000~$39999,Male,Single,yes,36.68
Dissatisfied,$80000 or more,Female,Single,no,27.91
Satisfied,$80000 or more,Male,Married,no,25.7
Satisfied,$60000~$79999,Male,Married,no,28.72
Satisfied,$80000 or more,Male,Married,yes,26.03
Satisfied,$20000~$39999,Female,Single,yes,30.36
Satisfied,$80000 or more,Female,Married,no,19.11
Satisfied,$60000~$79999,Female,Widowed/Divorced/Separated,no,33.87
Satisfied,less than $20000,Female,Single,yes,24.93
Satisfied,$20000~$39999,Female,Single,yes,25.98
Satisfied,$20000~$39999,Male,Married,yes,28.64
Satisfied,$60000~$79999,Female,Married,no,24.19
Satisfied,$80000 or more,Male,Married,no,30.44
Satisfied,$80000 or more,Female,Married,yes,21.34
Satisfied,$40000~$59999,Male,Widowed/Divorced/Separated,no,34.39
Satisfied,$80000 or more,Male,Common-law,no,20.98
Satisfied,$20000~$39999,Male,Married,no,31.4
Satisfied,$80000 or more,Male,Married,no,26.49
Satisfied,$80000 or more,Female,Widowed/Divorced/Separated,no,29.27
Satisfied,$80000 or more,Male,Married,no,32.28
Satisfied,$40000~$59999,Female,Married,yes,24.95
Satisfied,$80000 or more,Male,Married,no,29.56
Satisfied,$80000 or more,Female,Married,no,26.08
Satisfied,$40000~$59999,Female,Single,no,19.75
Satisfied,$80000 or more,Male,Married,no,21.76
Satisfied,$80000 or more,Female,Married,no,20.93
Satisfied,$20000~$39999,Male,Common-law,no,31.69
Dissatisfied,$80000 or more,Female,Widowed/Divorced/Separated,no,25.34
Satisfied,$60000~$79999,Male,Married,no,23.46
Satisfied,less than $20000,Female,Single,yes,22.76
Satisfied,$20000~$39999,Male,Widowed/Divorced/Separated,yes,19.31
Satisfied,$80000 or more,Male,Married,no,24.24
Satisfied,$80000 or more,Male,Married,no,27.34
Satisfied,$20000~$39999,Female,Married,no,26
Satisfied,$80000 or more,Female,Married,no,30.29
Satisfied,$80000 or more,Male,Single,yes,26.98
Satisfied,$60000~$79999,Female,Married,no,29.45
Satisfied,$40000~$59999,Male,Married,yes,23.12
Satisfied,$20000~$39999,Female,Married,no,30.29
Satisfied,less than $20000,Male,Single,no,25.43
Satisfied,$60000~$79999,Female,Single,no,26.18
Satisfied,$80000 or more,Female,Single,no,40.71
Satisfied,$20000~$39999,Male,Married,no,28.15
Satisfied,$60000~$79999,Female,Widowed/Divorced/Separated,no,26.48
Satisfied,less than $20000,Female,Single,no,18.54
Satisfied,$20000~$39999,Female,Married,no,32.54
Satisfied,$60000~$79999,Female,Single,yes,26.04
Satisfied,$80000 or more,Male,Single,yes,23.43
Satisfied,$80000 or more,Female,Widowed/Divorced/Separated,no,36.62
Satisfied,$40000~$59999,Female,Married,no,23.5
Satisfied,$20000~$39999,Female,Married,no,21.34
Satisfied,$40000~$59999,Female,Widowed/Divorced/Separated,no,23.67
Satisfied,less than $20000,Male,Single,yes,25.21
Satisfied,$40000~$59999,Male,Common-law,no,37.88
Satisfied,$80000 or more,Male,Married,no,28.15
Satisfied,$80000 or more,Male,Married,no,22.73
Satisfied,$80000 or more,Female,Married,no,31.88
Satisfied,$80000 or more,Male,Married,yes,26.49
Satisfied,$80000 or more,Female,Married,no,25.14
Satisfied,$60000~$79999,Male,Single,no,28.86
Satisfied,$80000 or more,Female,Married,no,25.34
Satisfied,$40000~$59999,Male,Single,no,36.61
Satisfied,$80000 or more,Male,Single,no,24.92
Satisfied,$80000 or more,Female,Common-law,yes,36.94
Satisfied,$60000~$79999,Female,Single,no,20.39
Satisfied,$80000 or more,Male,Married,no,24.24
Satisfied,$20000~$39999,Male,Married,yes,19.14
Satisfied,$20000~$39999,Female,Married,no,33.25
Satisfied,$60000~$79999,Male,Married,no,26.5
Satisfied,$80000 or more,Female,Married,no,21.68
Satisfied,$80000 or more,Male,Married,no,28.72
Satisfied,$80000 or more,Female,Married,no,19.9
Satisfied,$40000~$59999,Male,Married,no,19.31
Satisfied,$80000 or more,Male,Married,yes,29.21
Satisfied,$20000~$39999,Male,Married,yes,31.21
Satisfied,$20000~$39999,Male,Married,no,30.76
Satisfied,$80000 or more,Male,Married,no,27.29
Satisfied,$20000~$39999,Male,Single,yes,26.49
Satisfied,$40000~$59999,Male,Single,no,20.67
Satisfied,$80000 or more,Female,Married,no,34.77
Satisfied,$40000~$59999,Female,Married,no,28.17
Satisfied,$20000~$39999,Female,Married,no,30.38
Satisfied,$60000~$79999,Male,Single,yes,29.95
Satisfied,$80000 or more,Male,Married,no,24.9
Satisfied,$20000~$39999,Female,Married,yes,36.92
Satisfied,less than $20000,Female,Widowed/Divorced/Separated,no,21.1
Satisfied,$20000~$39999,Male,Common-law,no,29.65
Satisfied,$40000~$59999,Male,Married,yes,29.01
Satisfied,less than $20000,Female,Widowed/Divorced/Separated,no,34.2
Dissatisfied,$60000~$79999,Female,Single,yes,24.81
Satisfied,$80000 or more,Male,Single,no,23.43
Satisfied,$80000 or more,Male,Common-law,no,29.77
Satisfied,less than $20000,Male,Widowed/Divorced/Separated,yes,26.68
Satisfied,less than $20000,Male,Single,yes,23.8
Satisfied,$20000~$39999,Female,Single,yes,24.03
Satisfied,$20000~$39999,Male,Single,yes,22.91
Satisfied,$40000~$59999,Male,Widowed/Divorced/Separated,no,27.5
Satisfied,$60000~$79999,Female,Married,no,28.46
Satisfied,$20000~$39999,Female,Widowed/Divorced/Separated,no,30.44
Satisfied,$60000~$79999,Male,Married,yes,21.45
Satisfied,$80000 or more,Female,Common-law,no,22.76
Satisfied,$20000~$39999,Female,Widowed/Divorced/Separated,yes,20.45
Satisfied,$40000~$59999,Male,Widowed/Divorced/Separated,no,25.7
Satisfied,$80000 or more,Female,Common-law,no,23.9
Satisfied,$80000 or more,Male,Common-law,yes,23.15
Dissatisfied,$40000~$59999,Female,Single,yes,33.22
Satisfied,$80000 or more,Female,Common-law,no,26.36
Satisfied,$40000~$59999,Female,Married,no,31.12
Satisfied,$20000~$39999,Male,Married,no,25.7
Satisfied,$80000 or more,Male,Married,no,23.58
Satisfied,$80000 or more,Male,Married,no,29.32
Satisfied,$80000 or more,Male,Married,no,25.54
Satisfied,less than $20000,Female,Widowed/Divorced/Separated,yes,26.58
Satisfied,$20000~$39999,Male,Single,yes,26.48
Satisfied,$40000~$59999,Male,Married,yes,23.85
Satisfied,less than $20000,Female,Married,no,31.46
Satisfied,$60000~$79999,Male,Married,no,22.56
Satisfied,$20000~$39999,Male,Married,no,23.47
Satisfied,$20000~$39999,Female,Widowed/Divorced/Separated,yes,35.66
Satisfied,$80000 or more,Female,Married,no,40.1
Satisfied,$80000 or more,Female,Single,no,20.08
Satisfied,$60000~$79999,Male,Married,no,27.34
Satisfied,$20000~$39999,Female,Single,yes,29.82
Satisfied,$80000 or more,Female,Married,no,29.27
Satisfied,$80000 or more,Male,Widowed/Divorced/Separated,yes,26.19
Satisfied,$40000~$59999,Female,Married,no,31.46
Satisfied,$40000~$59999,Male,Married,yes,25.26
Satisfied,$20000~$39999,Female,Common-law,yes,31.29
Satisfied,$60000~$79999,Female,Single,no,19.59
Satisfied,$80000 or more,Male,Married,no,23.05
Satisfied,$20000~$39999,Male,Single,yes,25.7
Dissatisfied,$20000~$39999,Male,Widowed/Divorced/Separated,yes,34.45
Satisfied,$80000 or more,Female,Married,no,22.05
Satisfied,$60000~$79999,Female,Single,no,21.12
Satisfied,$20000~$39999,Female,Single,yes,26.58
Satisfied,$80000 or more,Female,Married,no,26.04
Satisfied,$80000 or more,Male,Married,no,24.92
Satisfied,$20000~$39999,Female,Single,yes,22.33
Satisfied,less than $20000,Female,Widowed/Divorced/Separated,yes,20.47
Satisfied,$60000~$79999,Male,Single,no,23.43
Satisfied,$40000~$59999,Female,Married,no,40.88
Satisfied,$40000~$59999,Female,Widowed/Divorced/Separated,no,31.34
Satisfied,$40000~$59999,Male,Single,no,38.7
Satisfied,$60000~$79999,Male,Married,no,26.04
Satisfied,$60000~$79999,Male,Single,yes,32.62
Satisfied,$60000~$79999,Male,Common-law,yes,26.49
Satisfied,$40000~$59999,Female,Married,no,34.62
Dissatisfied,$40000~$59999,Female,Married,no,27.61
Satisfied,less than $20000,Female,Married,yes,37.71
Dissatisfied,$60000~$79999,Female,Married,no,28.4
Satisfied,$80000 or more,Male,Married,no,27.22
Satisfied,$80000 or more,Male,Common-law,no,37.28
Satisfied,$20000~$39999,Male,Single,yes,21.46
Satisfied,$40000~$59999,Female,Widowed/Divorced/Separated,yes,34.2
Satisfied,$80000 or more,Male,Single,no,31.32
Satisfied,$80000 or more,Female,Widowed/Divorced/Separated,no,35.3
Neither satisfied nor dissatisfied,$80000 or more,Male,Married,no,31.12
Satisfied,$40000~$59999,Male,Single,no,20.47
Satisfied,$40000~$59999,Male,Married,yes,24.78
Satisfied,$80000 or more,Male,Common-law,no,34.38
Satisfied,$80000 or more,Female,Married,no,25.98
Satisfied,$60000~$79999,Male,Married,no,21.53
Satisfied,$20000~$39999,Female,Widowed/Divorced/Separated,no,22.25
Satisfied,$80000 or more,Female,Married,no,20.39
Satisfied,$60000~$79999,Male,Married,no,34.86
Satisfied,$80000 or more,Male,Married,no,22.56
Satisfied,$40000~$59999,Female,Single,no,32.09
Satisfied,$80000 or more,Female,Married,no,21.62
Satisfied,$80000 or more,Male,Married,no,26.94
Satisfied,$20000~$39999,Female,Widowed/Divorced/Separated,no,30.43
Satisfied,$80000 or more,Male,Married,no,24.96
Satisfied,$60000~$79999,Male,Widowed/Divorced/Separated,no,30.98
Satisfied,$40000~$59999,Female,Married,no,33.39
Satisfied,$80000 or more,Male,Married,no,29.01
Satisfied,$20000~$39999,Male,Single,no,28.5
Satisfied,$80000 or more,Male,Married,no,28.03
Satisfied,$80000 or more,Male,Married,no,33.95
Satisfied,$80000 or more,Male,Married,no,30.62
Satisfied,$20000~$39999,Male,Widowed/Divorced/Separated,yes,30.15
Satisfied,$80000 or more,Female,Married,no,21.43
Satisfied,$40000~$59999,Female,Single,no,27.26
Satisfied,less than $20000,Female,Common-law,no,19.33
Satisfied,$20000~$39999,Female,Single,no,42.79
Satisfied,$60000~$79999,Male,Married,no,32.31
Satisfied,less than $20000,Female,Widowed/Divorced/Separated,yes,25.64
Satisfied,$80000 or more,Female,Married,no,21.77
Satisfied,$80000 or more,Male,Married,no,31.49
Satisfied,$20000~$39999,Male,Married,no,28.42
Satisfied,$80000 or more,Male,Married,no,24.95
Satisfied,$20000~$39999,Male,Married,no,21.82
Satisfied,$80000 or more,Male,Single,no,31.85
Satisfied,$60000~$79999,Male,Married,no,30.04
Dissatisfied,$20000~$39999,Male,Single,yes,35.7
Satisfied,$80000 or more,Female,Common-law,no,30.43
Satisfied,$80000 or more,Female,Single,no,20.08
Satisfied,$40000~$59999,Female,Widowed/Divorced/Separated,yes,21.81
Dissatisfied,$60000~$79999,Male,Widowed/Divorced/Separated,yes,21.65
Satisfied,$60000~$79999,Female,Widowed/Divorced/Separated,no,17.23
Satisfied,$40000~$59999,Female,Single,yes,20.62
Satisfied,$80000 or more,Female,Common-law,no,26.58
Satisfied,$20000~$39999,Female,Widowed/Divorced/Separated,no,31.44
Satisfied,$20000~$39999,Female,Widowed/Divorced/Separated,yes,40.49
Satisfied,$80000 or more,Female,Married,no,19.28
Satisfied,$40000~$59999,Male,Common-law,yes,22.4
Satisfied,$60000~$79999,Male,Single,no,22.33
Satisfied,$80000 or more,Male,Single,no,19.92
Satisfied,$80000 or more,Male,Single,no,23.99
Satisfied,$20000~$39999,Male,Single,yes,39.22
Satisfied,$80000 or more,Male,Married,no,37.61
Satisfied,$60000~$79999,Female,Married,no,25.14
Satisfied,$20000~$39999,Female,Widowed/Divorced/Separated,yes,22.56
Satisfied,$80000 or more,Female,Married,no,28.5
Satisfied,$80000 or more,Female,Married,no,29.82
Satisfied,$80000 or more,Female,Common-law,yes,19.89
Satisfied,$60000~$79999,Male,Common-law,no,33.01
Satisfied,$60000~$79999,Female,Married,no,34.2
Satisfied,$20000~$39999,Female,Widowed/Divorced/Separated,no,21.43
Neither satisfied nor dissatisfied,$80000 or more,Female,Widowed/Divorced/Separated,yes,29.12
Satisfied,less than $20000,Female,Widowed/Divorced/Separated,no,29.01
Satisfied,$20000~$39999,Male,Single,no,33.4
Satisfied,$60000~$79999,Male,Widowed/Divorced/Separated,no,34.63
Satisfied,$80000 or more,Male,Married,no,28.86
Satisfied,$40000~$59999,Female,Common-law,no,33.14
Satisfied,$20000~$39999,Female,Widowed/Divorced/Separated,yes,29.45
Satisfied,$20000~$39999,Female,Single,yes,23.3
Satisfied,$60000~$79999,Male,Married,no,35.11
Satisfied,less than $20000,Female,Widowed/Divorced/Separated,yes,44.5
Satisfied,$20000~$39999,Female,Single,no,26.36
Dissatisfied,$40000~$59999,Male,Single,yes,45.19
Satisfied,$60000~$79999,Male,Married,no,22.08
Satisfied,$40000~$59999,Female,Married,no,30.38
Satisfied,$20000~$39999,Male,Married,yes,27.44
Satisfied,$20000~$39999,Female,Single,no,26.12
Satisfied,$40000~$59999,Male,Single,no,25.73
Satisfied,$40000~$59999,Female,Single,yes,32.3
Dissatisfied,$40000~$59999,Female,Single,yes,37.06
Satisfied,$80000 or more,Male,Single,yes,24.96
Satisfied,$40000~$59999,Female,Single,no,29.03
Satisfied,less than $20000,Female,Widowed/Divorced/Separated,no,29.27
Satisfied,less than $20000,Male,Single,yes,31.4
Satisfied,$80000 or more,Female,Common-law,no,45
Satisfied,$20000~$39999,Female,Married,no,27.64
Satisfied,$20000~$39999,Male,Common-law,yes,22.91
Satisfied,$80000 or more,Male,Single,no,24.33
Satisfied,$80000 or more,Female,Single,no,26.84
Satisfied,$20000~$39999,Female,Single,no,34.59
Satisfied,less than $20000,Female,Single,yes,19.71
Satisfied,$20000~$39999,Male,Widowed/Divorced/Separated,no,22.91
Satisfied,$20000~$39999,Female,Widowed/Divorced/Separated,no,18.4
Satisfied,$80000 or more,Male,Married,no,21.56
Satisfied,$40000~$59999,Male,Single,yes,28.37
Satisfied,$80000 or more,Male,Married,no,35.11
Satisfied,$80000 or more,Female,Married,no,39.6
Satisfied,$20000~$39999,Female,Widowed/Divorced/Separated,no,22.76
Satisfied,$80000 or more,Male,Married,no,24.19
Neither satisfied nor dissatisfied,$40000~$59999,Male,Married,yes,28.68
Satisfied,$80000 or more,Female,Common-law,no,32.41
Satisfied,$80000 or more,Female,Single,no,23.72
Satisfied,$40000~$59999,Female,Common-law,no,25.04
Satisfied,$40000~$59999,Female,Single,yes,22.44
Neither satisfied nor dissatisfied,less than $20000,Female,Widowed/Divorced/Separated,no,18.66
Satisfied,$80000 or more,Female,Married,no,23.48
Satisfied,$80000 or more,Male,Married,no,32.02
Satisfied,$40000~$59999,Female,Single,yes,32.5
Satisfied,$80000 or more,Female,Married,no,25.91
Satisfied,$80000 or more,Male,Common-law,no,25.88
Satisfied,$20000~$39999,Male,Widowed/Divorced/Separated,yes,22.72
Satisfied,$80000 or more,Male,Married,no,26.48
Satisfied,$60000~$79999,Male,Married,no,25.66
Dissatisfied,$60000~$79999,Male,Single,yes,22.76
Satisfied,$80000 or more,Female,Widowed/Divorced/Separated,yes,28.4
Satisfied,$40000~$59999,Male,Married,no,30.5
Satisfied,$80000 or more,Male,Married,no,24.09
Satisfied,less than $20000,Male,Single,no,33.98
Satisfied,$20000~$39999,Female,Single,yes,23.9
Satisfied,$80000 or more,Male,Married,no,27.5
Satisfied,$60000~$79999,Male,Common-law,yes,25.74
Satisfied,$80000 or more,Male,Common-law,yes,29.46
Satisfied,$40000~$59999,Male,Common-law,no,27.22
Satisfied,$40000~$59999,Male,Married,yes,37.65
Neither satisfied nor dissatisfied,$60000~$79999,Female,Widowed/Divorced/Separated,no,27.53
Satisfied,$80000 or more,Male,Married,no,32.62
Satisfied,$40000~$59999,Female,Married,yes,22.94
Satisfied,$60000~$79999,Female,Common-law,no,20.65
Satisfied,$20000~$39999,Male,Single,yes,30.44
Dissatisfied,$80000 or more,Male,Widowed/Divorced/Separated,no,32.21
Satisfied,$80000 or more,Male,Single,yes,22.56
Satisfied,$80000 or more,Female,Married,no,26.04
Satisfied,$80000 or more,Female,Married,no,30.7
Satisfied,$20000~$39999,Female,Widowed/Divorced/Separated,no,34.06
Satisfied,$20000~$39999,Female,Widowed/Divorced/Separated,yes,33.56
Satisfied,less than $20000,Female,Married,yes,32.47
Satisfied,$80000 or more,Male,Married,no,34.38
Neither satisfied nor dissatisfied,$20000~$39999,Female,Common-law,yes,40.14
Satisfied,$80000 or more,Male,Married,no,32.44
Satisfied,$80000 or more,Male,Married,no,31.08
Satisfied,less than $20000,Female,Widowed/Divorced/Separated,yes,34.2
Satisfied,$80000 or more,Male,Married,no,28.15
Satisfied,$80000 or more,Male,Married,no,25.19
Satisfied,$80000 or more,Female,Single,no,27.59
Satisfied,$80000 or more,Female,Common-law,no,46.93
Satisfied,less than $20000,Male,Single,yes,24.24
Satisfied,$60000~$79999,Male,Common-law,yes,31.8
Satisfied,$40000~$59999,Male,Married,no,25.7
Satisfied,$20000~$39999,Female,Widowed/Divorced/Separated,no,30.43
Satisfied,$20000~$39999,Female,Single,yes,36.82
Satisfied,$80000 or more,Female,Married,no,24.39
Satisfied,$80000 or more,Female,Widowed/Divorced/Separated,no,29.45
Satisfied,$80000 or more,Male,Married,no,27.52
Satisfied,$80000 or more,Male,Married,no,31.42
Satisfied,$80000 or more,Male,Single,no,21.44
Dissatisfied,$40000~$59999,Female,Married,yes,35.91
Satisfied,$40000~$59999,Female,Widowed/Divorced/Separated,no,24.09
Satisfied,$60000~$79999,Female,Widowed/Divorced/Separated,yes,24.17
Satisfied,$20000~$39999,Male,Married,no,23.43
Satisfied,$80000 or more,Male,Widowed/Divorced/Separated,no,26.84
Satisfied,$40000~$59999,Female,Married,no,25.82
Satisfied,less than $20000,Female,Widowed/Divorced/Separated,no,28.22
Satisfied,$40000~$59999,Male,Married,no,28.15
Satisfied,$20000~$39999,Male,Widowed/Divorced/Separated,yes,22.47
Satisfied,$80000 or more,Male,Married,no,27.82
Satisfied,$60000~$79999,Male,Widowed/Divorced/Separated,no,31.02
Neither satisfied nor dissatisfied,less than $20000,Male,Single,yes,24.06
Satisfied,$80000 or more,Male,Widowed/Divorced/Separated,no,27.73
Satisfied,$20000~$39999,Female,Married,no,29.7
Satisfied,$80000 or more,Male,Widowed/Divorced/Separated,no,27.52
Satisfied,$80000 or more,Female,Married,no,26
Satisfied,$20000~$39999,Female,Widowed/Divorced/Separated,yes,29.45
Neither satisfied nor dissatisfied,$40000~$59999,Female,Widowed/Divorced/Separated,yes,25.25
Satisfied,$80000 or more,Male,Married,no,27.8
Satisfied,$80000 or more,Male,Married,yes,41.13
Satisfied,$80000 or more,Female,Single,yes,18.35
Satisfied,$80000 or more,Female,Single,yes,27.59
Satisfied,$80000 or more,Female,Married,no,23.91
Satisfied,$80000 or more,Female,Married,no,21.24
Satisfied,$40000~$59999,Female,Single,no,23.67
Neither satisfied nor dissatisfied,$40000~$59999,Female,Married,no,31.03
Satisfied,$40000~$59999,Male,Married,no,20.98
Dissatisfied,less than $20000,Female,Single,yes,48.29
Satisfied,$80000 or more,Female,Common-law,yes,28.22
Dissatisfied,$40000~$59999,Male,Common-law,no,27.17
Satisfied,$40000~$59999,Male,Widowed/Divorced/Separated,no,25.39
Satisfied,$80000 or more,Male,Widowed/Divorced/Separated,no,29.75
Satisfied,$80000 or more,Female,Single,no,27.6
Satisfied,$80000 or more,Male,Single,yes,27.96
Satisfied,$80000 or more,Male,Widowed/Divorced/Separated,no,32.11
Satisfied,$80000 or more,Female,Single,no,29.44
Satisfied,$80000 or more,Male,Married,no,24.54
Satisfied,$80000 or more,Male,Married,no,20.2
Satisfied,$20000~$39999,Female,Common-law,yes,33.39
Satisfied,$20000~$39999,Male,Widowed/Divorced/Separated,no,30.44
Satisfied,$80000 or more,Male,Widowed/Divorced/Separated,no,33.18
Satisfied,$80000 or more,Male,Single,no,24.96
Satisfied,$80000 or more,Male,Single,yes,25.7
Satisfied,$40000~$59999,Female,Married,no,20.49
Dissatisfied,$60000~$79999,Male,Married,yes,23.35
Satisfied,less than $20000,Female,Widowed/Divorced/Separated,yes,20.41
Satisfied,$80000 or more,Male,Married,no,24.2
Satisfied,$40000~$59999,Female,Single,yes,21.5
Satisfied,$60000~$79999,Male,Widowed/Divorced/Separated,no,28.54
Satisfied,less than $20000,Female,Widowed/Divorced/Separated,no,26.04
Satisfied,$80000 or more,Female,Married,no,26.07
Satisfied,$20000~$39999,Female,Single,no,21.57
Satisfied,$40000~$59999,Female,Common-law,no,32.86
Satisfied,$80000 or more,Male,Married,no,24.2
Satisfied,less than $20000,Female,Single,yes,34.51
Satisfied,$80000 or more,Female,Widowed/Divorced/Separated,yes,26.82
Satisfied,$40000~$59999,Female,Common-law,no,36.84
Satisfied,$20000~$39999,Female,Married,no,20.59
Satisfied,less than $20000,Female,Single,no,19.84
Dissatisfied,$60000~$79999,Female,Married,no,29.01
Satisfied,$80000 or more,Male,Married,no,28.79
Satisfied,$80000 or more,Male,Single,no,24.41
Satisfied,$60000~$79999,Male,Married,no,28.95
Satisfied,$80000 or more,Female,Widowed/Divorced/Separated,no,21.76
Satisfied,$80000 or more,Male,Married,no,24.96
Satisfied,$60000~$79999,Male,Married,no,29.3
Dissatisfied,less than $20000,Female,Widowed/Divorced/Separated,yes,46.6
Satisfied,$60000~$79999,Female,Common-law,no,27.53
Satisfied,$60000~$79999,Female,Married,no,31.43
Satisfied,$80000 or more,Female,Married,no,33.87
Satisfied,$80000 or more,Male,Married,no,28.86
Neither satisfied nor dissatisfied,$40000~$59999,Female,Married,no,31.29
Satisfied,$80000 or more,Male,Widowed/Divorced/Separated,no,34.06
Neither satisfied nor dissatisfied,$80000 or more,Female,Common-law,yes,21.34
Satisfied,$60000~$79999,Female,Married,no,23.46
Satisfied,less than $20000,Male,Single,yes,22.47
Satisfied,$80000 or more,Female,Single,no,25.91
Satisfied,$40000~$59999,Male,Married,no,30.44
Satisfied,$80000 or more,Male,Common-law,no,36.27
Satisfied,less than $20000,Female,Widowed/Divorced/Separated,yes,20.98
Satisfied,$40000~$59999,Male,Common-law,yes,26.2
Neither satisfied nor dissatisfied,$80000 or more,Male,Married,yes,40.48
Satisfied,$40000~$59999,Male,Married,no,32.96
Satisfied,$60000~$79999,Female,Married,yes,28.89
Satisfied,$80000 or more,Male,Common-law,no,31.69
Satisfied,$80000 or more,Male,Married,no,32.29
Dissatisfied,$20000~$39999,Female,Widowed/Divorced/Separated,yes,31.04
Satisfied,$80000 or more,Male,Common-law,no,38.74
Satisfied,less than $20000,Female,Widowed/Divorced/Separated,no,34.99
Satisfied,$60000~$79999,Male,Married,no,24.78
Satisfied,less than $20000,Female,Single,yes,24.57
Satisfied,$40000~$59999,Female,Widowed/Divorced/Separated,no,21.27
Satisfied,$20000~$39999,Female,Single,no,21.34
Satisfied,$80000 or more,Male,Married,no,26.48
Satisfied,$80000 or more,Female,Common-law,no,30.2
Satisfied,$40000~$59999,Male,Married,yes,29.03
Satisfied,$60000~$79999,Male,Single,yes,24.98
Neither satisfied nor dissatisfied,$60000~$79999,Male,Widowed/Divorced/Separated,no,23.15
Satisfied,$20000~$39999,Female,Widowed/Divorced/Separated,yes,32.58
Satisfied,$80000 or more,Female,Married,no,47.55
Satisfied,$80000 or more,Female,Widowed/Divorced/Separated,no,18.35
Satisfied,$40000~$59999,Female,Widowed/Divorced/Separated,yes,26.72
Satisfied,less than $20000,Female,Widowed/Divorced/Separated,no,25.25
Neither satisfied nor dissatisfied,$40000~$59999,Male,Single,yes,33.18
Satisfied,$80000 or more,Male,Single,no,27.33
Satisfied,$20000~$39999,Male,Widowed/Divorced/Separated,yes,31.55
Satisfied,$60000~$79999,Female,Married,no,20.93
Satisfied,$60000~$79999,Male,Widowed/Divorced/Separated,no,37.21
Dissatisfied,$40000~$59999,Male,Widowed/Divorced/Separated,yes,36.23
Satisfied,$60000~$79999,Female,Married,no,31.43
Satisfied,$40000~$59999,Female,Single,no,29.22
Satisfied,$60000~$79999,Male,Widowed/Divorced/Separated,no,27.33
Satisfied,$20000~$39999,Female,Married,yes,28.85
Satisfied,$80000 or more,Male,Married,no,27.8
Satisfied,$80000 or more,Female,Common-law,no,21.57
Satisfied,$20000~$39999,Female,Single,no,28.5
Satisfied,$80000 or more,Male,Single,no,27.67
Satisfied,$80000 or more,Male,Widowed/Divorced/Separated,yes,27.3
Satisfied,$80000 or more,Male,Married,no,26.5
Neither satisfied nor dissatisfied,$80000 or more,Male,Widowed/Divorced/Separated,no,31.4
Satisfied,$20000~$39999,Female,Common-law,no,27.23
Neither satisfied nor dissatisfied,less than $20000,Female,Single,yes,38.31
Satisfied,$80000 or more,Male,Married,no,21.67
Satisfied,$80000 or more,Female,Married,no,41.98
Satisfied,$60000~$79999,Male,Married,no,29.95
Satisfied,less than $20000,Female,Widowed/Divorced/Separated,no,33.39
Satisfied,$80000 or more,Male,Widowed/Divorced/Separated,no,23.43
Satisfied,$80000 or more,Male,Common-law,no,27.22
Satisfied,$40000~$59999,Male,Single,no,40.02
Dissatisfied,less than $20000,Male,Widowed/Divorced/Separated,yes,21.56
Satisfied,$40000~$59999,Male,Married,no,22.21
Satisfied,$80000 or more,Male,Common-law,no,27.1
Satisfied,less than $20000,Female,Single,yes,35.24
Satisfied,$20000~$39999,Female,Widowed/Divorced/Separated,no,25.82
Neither satisfied nor dissatisfied,$20000~$39999,Male,Married,no,24.24
Satisfied,$80000 or more,Male,Married,yes,29.46
Satisfied,$40000~$59999,Male,Widowed/Divorced/Separated,no,41.54
Satisfied,$20000~$39999,Female,Single,no,21.13
Satisfied,$20000~$39999,Female,Widowed/Divorced/Separated,no,28.5
Satisfied,$20000~$39999,Male,Widowed/Divorced/Separated,yes,23.5
Satisfied,$80000 or more,Male,Married,no,31.8
Satisfied,$80000 or more,Male,Married,no,40.63
Satisfied,less than $20000,Female,Single,yes,22.05
Satisfied,$80000 or more,Female,Married,no,27.53
Satisfied,$40000~$59999,Female,Widowed/Divorced/Separated,yes,25.34
Satisfied,$40000~$59999,Male,Married,no,21.26
Satisfied,$80000 or more,Male,Married,no,24.97
Satisfied,$80000 or more,Female,Common-law,no,27.71
Satisfied,$40000~$59999,Female,Married,no,23.91
Satisfied,$80000 or more,Female,Common-law,no,21.81
Satisfied,$80000 or more,Male,Married,no,28.79
Satisfied,$80000 or more,Female,Single,no,23.23
Satisfied,$40000~$59999,Female,Common-law,no,34.78
Satisfied,$80000 or more,Female,Married,no,27.6
Satisfied,$40000~$59999,Male,Single,no,23.53
Dissatisfied,less than $20000,Male,Widowed/Divorced/Separated,no,18.53
Satisfied,$60000~$79999,Female,Married,yes,29.4
Satisfied,$80000 or more,Female,Married,no,29.35
Satisfied,$80000 or more,Female,Married,no,23.82
Satisfied,$40000~$59999,Male,Married,no,28.07
Satisfied,$80000 or more,Male,Married,no,25.53
Satisfied,$20000~$39999,Male,Common-law,yes,24.13
Satisfied,$80000 or more,Female,Married,no,24.93
Satisfied,$60000~$79999,Male,Married,no,20.89
Satisfied,$80000 or more,Female,Single,no,20.85
Satisfied,$80000 or more,Female,Common-law,yes,34.06
Satisfied,$80000 or more,Male,Single,no,30.69
Dissatisfied,less than $20000,Male,Widowed/Divorced/Separated,yes,36.96
Satisfied,$20000~$39999,Male,Single,yes,20.78
Satisfied,$20000~$39999,Female,Married,yes,31.89
Satisfied,$20000~$39999,Female,Single,yes,20.29
Neither satisfied nor dissatisfied,$40000~$59999,Male,Single,no,23.53
Satisfied,$80000 or more,Female,Married,no,28.5
Satisfied,$40000~$59999,Female,Single,yes,23.14
Satisfied,$80000 or more,Male,Single,no,38
Satisfied,$60000~$79999,Male,Married,no,26.5
Satisfied,$80000 or more,Female,Married,no,23.91
Satisfied,$20000~$39999,Male,Single,no,25.7
Satisfied,$80000 or more,Female,Married,no,23.12
Satisfied,$20000~$39999,Female,Single,yes,26.04
Neither satisfied nor dissatisfied,$40000~$59999,Female,Single,yes,23.82
Satisfied,less than $20000,Male,Widowed/Divorced/Separated,no,29.56
Satisfied,$80000 or more,Female,Single,yes,27.63
Satisfied,$20000~$39999,Female,Single,yes,24.37
Satisfied,$80000 or more,Male,Married,no,28.22
Satisfied,$40000~$59999,Male,Widowed/Divorced/Separated,no,27.22
Satisfied,$40000~$59999,Female,Widowed/Divorced/Separated,yes,32.97
Satisfied,$80000 or more,Female,Single,no,21.92
Satisfied,$60000~$79999,Male,Single,no,28.22
Satisfied,$80000 or more,Male,Married,no,24.95
Satisfied,$80000 or more,Female,Single,no,22.62
Satisfied,$60000~$79999,Male,Married,no,25.7
Satisfied,$40000~$59999,Female,Married,no,36.62
Satisfied,$80000 or more,Male,Common-law,yes,20.84
Dissatisfied,$60000~$79999,Male,Single,yes,19.78
Satisfied,$20000~$39999,Female,Widowed/Divorced/Separated,no,18.36
Satisfied,less than $20000,Male,Common-law,no,26.84
Satisfied,$60000~$79999,Female,Married,no,39.25
Satisfied,less than $20000,Male,Common-law,yes,29.01
Satisfied,$80000 or more,Female,Married,no,32.98
Satisfied,$80000 or more,Female,Married,no,28.43
Satisfied,$20000~$39999,Male,Widowed/Divorced/Separated,no,28.67
Satisfied,$20000~$39999,Female,Widowed/Divorced/Separated,no,22.76
Satisfied,$80000 or more,Male,Widowed/Divorced/Separated,no,27.29
Satisfied,$80000 or more,Male,Married,no,34.63
Satisfied,$80000 or more,Male,Married,no,22.2
Satisfied,$40000~$59999,Male,Single,no,28.03
Satisfied,$20000~$39999,Female,Married,no,31.88
Satisfied,$60000~$79999,Female,Single,no,26.82
Satisfied,$80000 or more,Male,Single,no,28.79
Satisfied,$80000 or more,Male,Married,no,29.59
Satisfied,$80000 or more,Male,Married,no,29.06
Satisfied,$80000 or more,Female,Common-law,no,27.64
Satisfied,$80000 or more,Female,Married,no,27.33
Satisfied,$80000 or more,Male,Common-law,no,26.48
Satisfied,$80000 or more,Male,Single,yes,26.39
Satisfied,$80000 or more,Male,Single,no,24.9
Satisfied,$20000~$39999,Female,Single,no,31.34
Satisfied,$80000 or more,Female,Married,no,27.6
Satisfied,$80000 or more,Male,Married,no,29.46
Satisfied,less than $20000,Female,Widowed/Divorced/Separated,yes,38.24
Satisfied,$80000 or more,Male,Single,no,33.91
Satisfied,$40000~$59999,Male,Married,no,23.92
Satisfied,$80000 or more,Male,Married,no,27.8
Satisfied,$80000 or more,Male,Married,no,37.92
Satisfied,$60000~$79999,Male,Married,no,34.02
Satisfied,$20000~$39999,Female,Widowed/Divorced/Separated,yes,26.49
Satisfied,$60000~$79999,Male,Widowed/Divorced/Separated,no,26.04
Satisfied,$20000~$39999,Female,Common-law,no,31.12
Satisfied,$80000 or more,Female,Married,yes,37.02
Satisfied,$40000~$59999,Female,Widowed/Divorced/Separated,no,24.17
Satisfied,$20000~$39999,Male,Single,yes,29.65
Neither satisfied nor dissatisfied,less than $20000,Male,Single,yes,21.49
Satisfied,$40000~$59999,Male,Widowed/Divorced/Separated,no,32.73
Satisfied,$80000 or more,Male,Married,no,27.25
Satisfied,$80000 or more,Female,Widowed/Divorced/Separated,no,18.12
Satisfied,$80000 or more,Female,Widowed/Divorced/Separated,no,34.06
Satisfied,$20000~$39999,Male,Married,no,20.84
Satisfied,$40000~$59999,Female,Single,yes,28.46
Satisfied,$80000 or more,Female,Married,no,26.84
Satisfied,$60000~$79999,Male,Married,no,28.15
Satisfied,less than $20000,Male,Widowed/Divorced/Separated,yes,31.48
Satisfied,$60000~$79999,Male,Married,no,26.5
Satisfied,$20000~$39999,Male,Married,no,28.15
Satisfied,$40000~$59999,Male,Married,no,28.22
Satisfied,$80000 or more,Male,Married,no,31.85
Satisfied,$80000 or more,Male,Common-law,no,25.97
Satisfied,$80000 or more,Female,Married,no,24.82
Satisfied,$40000~$59999,Female,Common-law,yes,20.7
Satisfied,$80000 or more,Male,Married,no,22.45
Satisfied,$80000 or more,Female,Married,no,39.53
Dissatisfied,$20000~$39999,Female,Widowed/Divorced/Separated,yes,23.51
Dissatisfied,$40000~$59999,Female,Single,yes,29.03
Satisfied,$80000 or more,Female,Single,no,32.21
Neither satisfied nor dissatisfied,$20000~$39999,Female,Widowed/Divorced/Separated,no,26.78
Satisfied,$40000~$59999,Male,Married,no,34.91
Satisfied,$80000 or more,Male,Married,no,28.79
Satisfied,$40000~$59999,Female,Widowed/Divorced/Separated,yes,31.19
Satisfied,$20000~$39999,Male,Single,yes,41.54
Neither satisfied nor dissatisfied,$80000 or more,Male,Married,no,32.73
Satisfied,$40000~$59999,Male,Married,no,30.34
Satisfied,$60000~$79999,Male,Married,no,25.47
Satisfied,$40000~$59999,Male,Married,no,39.22
Satisfied,$80000 or more,Female,Widowed/Divorced/Separated,no,21.44
Satisfied,$80000 or more,Female,Married,no,22.44
Satisfied,$40000~$59999,Male,Widowed/Divorced/Separated,no,23.43
Satisfied,$80000 or more,Female,Common-law,no,25.75
Neither satisfied nor dissatisfied,$60000~$79999,Male,Married,no,25.78
Satisfied,$80000 or more,Female,Common-law,no,24.82
Neither satisfied nor dissatisfied,$20000~$39999,Male,Widowed/Divorced/Separated,no,25.28
Satisfied,$80000 or more,Female,Widowed/Divorced/Separated,no,25.34
Satisfied,$60000~$79999,Female,Married,no,32.4
Satisfied,$20000~$39999,Male,Single,no,20.52
Satisfied,$60000~$79999,Male,Common-law,no,20.2
Satisfied,$80000 or more,Male,Single,no,27.25
Neither satisfied nor dissatisfied,$40000~$59999,Female,Married,no,33.25
Satisfied,$80000 or more,Female,Common-law,no,23.67
Satisfied,$60000~$79999,Male,Married,no,27.22
Satisfied,$20000~$39999,Male,Single,no,22.01
Satisfied,$80000 or more,Male,Single,no,30.81
Satisfied,$60000~$79999,Female,Married,no,29.35
Satisfied,$60000~$79999,Male,Married,yes,29.32
Satisfied,$20000~$39999,Female,Married,no,29.31
Satisfied,$80000 or more,Male,Widowed/Divorced/Separated,no,39.88
Satisfied,$80000 or more,Female,Married,no,26.36
Satisfied,less than $20000,Male,Widowed/Divorced/Separated,yes,27.82
Satisfied,$80000 or more,Female,Single,no,22.28
Satisfied,$20000~$39999,Male,Widowed/Divorced/Separated,no,22.76
Neither satisfied nor dissatisfied,$20000~$39999,Female,Widowed/Divorced/Separated,yes,29.63
Satisfied,$80000 or more,Female,Widowed/Divorced/Separated,no,38.34
Satisfied,$60000~$79999,Male,Married,no,27.36
Satisfied,$80000 or more,Male,Married,no,26.48
Satisfied,$80000 or more,Female,Married,no,22.05
Satisfied,$80000 or more,Female,Married,no,25.98
Satisfied,$80000 or more,Male,Married,no,23.05
Satisfied,$20000~$39999,Male,Single,yes,41.81
Satisfied,$80000 or more,Male,Single,no,24.2
Satisfied,$80000 or more,Male,Married,no,23.8
Satisfied,$80000 or more,Male,Married,no,28.6
Satisfied,$80000 or more,Female,Married,no,37.16
Satisfied,$40000~$59999,Male,Common-law,yes,19.78
Satisfied,$80000 or more,Female,Married,yes,24.3
Satisfied,$80000 or more,Male,Married,no,30.12
Dissatisfied,$20000~$39999,Male,Single,no,26.5
Neither satisfied nor dissatisfied,$80000 or more,Female,Married,no,26.06
Satisfied,$80000 or more,Male,Married,no,28.15
Satisfied,$60000~$79999,Female,Common-law,no,21.26
Satisfied,$80000 or more,Female,Widowed/Divorced/Separated,yes,25.56
Satisfied,$80000 or more,Male,Single,no,24.14
Satisfied,$40000~$59999,Male,Widowed/Divorced/Separated,no,33.59
Satisfied,less than $20000,Female,Widowed/Divorced/Separated,no,20.21
Satisfied,$80000 or more,Female,Married,no,30.36
Satisfied,$80000 or more,Male,Married,no,25.56
Neither satisfied nor dissatisfied,$60000~$79999,Female,Single,no,29.22
Satisfied,$80000 or more,Female,Married,no,25.04
Satisfied,less than $20000,Male,Widowed/Divorced/Separated,yes,48.23
Satisfied,$80000 or more,Female,Married,no,23.51
Satisfied,$80000 or more,Male,Married,yes,22.76
Satisfied,$80000 or more,Female,Married,no,32.38
Satisfied,$20000~$39999,Female,Single,no,38.02
Satisfied,$80000 or more,Female,Common-law,no,18.1
Satisfied,$20000~$39999,Female,Widowed/Divorced/Separated,yes,29.44
Satisfied,$80000 or more,Male,Widowed/Divorced/Separated,no,33.17
Satisfied,$60000~$79999,Female,Single,no,23.54
Neither satisfied nor dissatisfied,$80000 or more,Male,Common-law,no,32.31
Satisfied,$80000 or more,Male,Single,no,32.62
Satisfied,$40000~$59999,Female,Common-law,no,27.6
Satisfied,$40000~$59999,Female,Single,no,43.66
Satisfied,$60000~$79999,Male,Married,no,29.01
Satisfied,$40000~$59999,Female,Married,no,25.38
Satisfied,$80000 or more,Male,Common-law,no,30.78
Satisfied,$40000~$59999,Male,Married,yes,28.72
Satisfied,$40000~$59999,Female,Married,no,22.97
Satisfied,$80000 or more,Female,Married,no,24.8
Neither satisfied nor dissatisfied,$60000~$79999,Female,Single,yes,37.78
Satisfied,$60000~$79999,Male,Married,no,33.83
Satisfied,$40000~$59999,Female,Married,no,23.9
Satisfied,$60000~$79999,Male,Married,yes,24.92
Satisfied,$20000~$39999,Female,Widowed/Divorced/Separated,yes,27.76
Satisfied,$40000~$59999,Female,Single,no,25.82
Satisfied,$20000~$39999,Female,Widowed/Divorced/Separated,no,31.29
Satisfied,$60000~$79999,Female,Married,no,34.06
Satisfied,$80000 or more,Female,Single,no,19.52
Satisfied,$80000 or more,Male,Married,no,25.7
Satisfied,$20000~$39999,Male,Single,no,35.55
Satisfied,$80000 or more,Female,Married,no,21.68
Satisfied,less than $20000,Male,Single,yes,27.09
Satisfied,$20000~$39999,Male,Widowed/Divorced/Separated,no,26.84
Satisfied,$60000~$79999,Female,Widowed/Divorced/Separated,no,30.36
Satisfied,$80000 or more,Male,Widowed/Divorced/Separated,no,28.5
Satisfied,less than $20000,Male,Widowed/Divorced/Separated,no,31.08
Satisfied,$80000 or more,Female,Common-law,yes,28.5
Dissatisfied,$40000~$59999,Male,Widowed/Divorced/Separated,no,26.5
Satisfied,$80000 or more,Female,Married,no,20.21
Satisfied,$80000 or more,Female,Married,yes,33.87
Satisfied,less than $20000,Female,Widowed/Divorced/Separated,yes,33.72
Satisfied,$80000 or more,Female,Single,yes,32.55
Satisfied,$80000 or more,Female,Single,no,27.6
Satisfied,$80000 or more,Female,Common-law,no,31.53
Satisfied,$80000 or more,Male,Married,no,26.49
Satisfied,$80000 or more,Male,Married,no,28.95
Satisfied,$60000~$79999,Female,Married,no,40.14
Satisfied,$80000 or more,Female,Widowed/Divorced/Separated,no,17.05
Satisfied,$20000~$39999,Female,Single,no,20.21
Satisfied,$60000~$79999,Female,Married,no,20.45
Satisfied,$20000~$39999,Male,Married,no,24.92
Satisfied,$40000~$59999,Male,Married,no,32.01
Satisfied,$40000~$59999,Female,Widowed/Divorced/Separated,no,37.63
Satisfied,$20000~$39999,Male,Single,no,28.02
Satisfied,$80000 or more,Male,Married,no,29.32
Neither satisfied nor dissatisfied,$20000~$39999,Female,Married,no,24.52
Satisfied,$80000 or more,Male,Widowed/Divorced/Separated,no,23.53
Satisfied,$80000 or more,Female,Single,no,26.97
Satisfied,$40000~$59999,Female,Widowed/Divorced/Separated,no,32.86
Satisfied,$80000 or more,Female,Single,no,35.03
Satisfied,$80000 or more,Female,Married,no,34.99
Satisfied,$80000 or more,Female,Common-law,no,20.49
Satisfied,$40000~$59999,Female,Widowed/Divorced/Separated,yes,29.27
Satisfied,$60000~$79999,Female,Married,no,40.14
Satisfied,less than $20000,Female,Widowed/Divorced/Separated,yes,20.85
Satisfied,$80000 or more,Male,Married,no,32.02
Satisfied,$60000~$79999,Male,Single,no,25.7
Satisfied,$80000 or more,Female,Married,no,29.4
Satisfied,$80000 or more,Male,Married,no,35.68
Dissatisfied,$20000~$39999,Male,Widowed/Divorced/Separated,no,24.41
Satisfied,$20000~$39999,Female,Married,no,42.01
Satisfied,$80000 or more,Female,Married,no,22.97
Satisfied,$80000 or more,Male,Married,no,35.11
Satisfied,$80000 or more,Female,Married,no,19.93
Satisfied,$20000~$39999,Female,Married,no,26.21
Satisfied,$60000~$79999,Female,Married,no,35.66
Satisfied,$60000~$79999,Male,Common-law,no,27.87
Satisfied,$80000 or more,Male,Common-law,no,29.56
Satisfied,$20000~$39999,Male,Married,no,19.22
Satisfied,$20000~$39999,Male,Widowed/Divorced/Separated,no,31.08
Satisfied,$60000~$79999,Female,Widowed/Divorced/Separated,no,27.66
Satisfied,$80000 or more,Female,Married,no,24.1
Satisfied,$80000 or more,Male,Widowed/Divorced/Separated,no,33.24
Satisfied,$60000~$79999,Male,Single,no,24.98
Satisfied,$80000 or more,Female,Common-law,no,29.35
Satisfied,$80000 or more,Female,Married,no,29.45
Satisfied,$60000~$79999,Male,Common-law,no,30.04
Satisfied,$20000~$39999,Female,Widowed/Divorced/Separated,no,24.32
Satisfied,$60000~$79999,Male,Common-law,no,27.22
Satisfied,$80000 or more,Female,Single,yes,31.88
Satisfied,$80000 or more,Male,Married,yes,32.12
Neither satisfied nor dissatisfied,$60000~$79999,Male,Widowed/Divorced/Separated,yes,27.34
Satisfied,$20000~$39999,Female,Common-law,yes,26.04
Satisfied,$20000~$39999,Male,Widowed/Divorced/Separated,yes,39.51
Satisfied,$40000~$59999,Female,Widowed/Divorced/Separated,no,26.67
Dissatisfied,$60000~$79999,Male,Widowed/Divorced/Separated,no,31.16
Satisfied,$20000~$39999,Male,Married,no,28.43
Dissatisfied,$80000 or more,Male,Single,no,29.32
Satisfied,$80000 or more,Male,Married,no,24
Satisfied,$20000~$39999,Female,Single,yes,44.61
Satisfied,$80000 or more,Female,Single,no,20.7
Neither satisfied nor dissatisfied,$40000~$59999,Female,Widowed/Divorced/Separated,no,36.32
Satisfied,$80000 or more,Female,Common-law,no,26.31
Neither satisfied nor dissatisfied,$20000~$39999,Male,Married,yes,16.78
Satisfied,$80000 or more,Female,Married,no,28.52
Satisfied,$40000~$59999,Female,Married,no,33.14
Satisfied,$60000~$79999,Female,Widowed/Divorced/Separated,no,29.6
Satisfied,less than $20000,Male,Single,no,26.42
Satisfied,$20000~$39999,Female,Married,no,28.48
Satisfied,$80000 or more,Female,Married,yes,24.57
Satisfied,$20000~$39999,Male,Common-law,yes,29.56
Satisfied,less than $20000,Female,Single,yes,27.59
Satisfied,$80000 or more,Female,Common-law,no,20.66
Satisfied,$80000 or more,Female,Married,no,25.25
Satisfied,$80000 or more,Male,Married,no,29.61
Satisfied,$80000 or more,Female,Single,yes,18.97
Satisfied,$40000~$59999,Female,Common-law,no,25.62
Neither satisfied nor dissatisfied,less than $20000,Male,Single,yes,30.85
Satisfied,$80000 or more,Male,Single,yes,28.15
Satisfied,$80000 or more,Female,Married,yes,24.93
Satisfied,$40000~$59999,Male,Married,no,30.33
Satisfied,less than $20000,Female,Widowed/Divorced/Separated,yes,28.33
Satisfied,$80000 or more,Male,Married,no,30.77
Dissatisfied,$80000 or more,Male,Married,no,25.68
Satisfied,$20000~$39999,Female,Single,yes,39.31
Satisfied,$80000 or more,Female,Married,no,22.76
Satisfied,$20000~$39999,Female,Widowed/Divorced/Separated,yes,48.72
Neither satisfied nor dissatisfied,$80000 or more,Male,Married,no,28.08
Satisfied,$80000 or more,Female,Married,no,32.3
Satisfied,$20000~$39999,Female,Widowed/Divorced/Separated,yes,21.96
Satisfied,$60000~$79999,Male,Common-law,no,22.81
Satisfied,$40000~$59999,Female,Married,yes,28.48
Satisfied,$80000 or more,Female,Widowed/Divorced/Separated,no,35.16
Satisfied,$20000~$39999,Male,Widowed/Divorced/Separated,no,26.65
Satisfied,$80000 or more,Male,Married,no,40.29
Satisfied,$20000~$39999,Female,Widowed/Divorced/Separated,yes,20.93
Satisfied,$80000 or more,Male,Married,no,26.19
Satisfied,$40000~$59999,Male,Widowed/Divorced/Separated,no,22.16
Satisfied,$80000 or more,Male,Married,no,29.9
Satisfied,$80000 or more,Male,Married,no,27.66
Satisfied,$80000 or more,Male,Common-law,no,29.28
Satisfied,$80000 or more,Female,Married,no,24.52
Satisfied,$20000~$39999,Male,Single,no,24.24
Satisfied,$80000 or more,Female,Married,no,34.06
Satisfied,$20000~$39999,Male,Married,no,34.45
Satisfied,$80000 or more,Male,Widowed/Divorced/Separated,no,34.67
Satisfied,$60000~$79999,Male,Widowed/Divorced/Separated,no,30.79
Satisfied,$80000 or more,Male,Common-law,no,26.42
Satisfied,$20000~$39999,Female,Widowed/Divorced/Separated,no,31.34
Satisfied,$20000~$39999,Female,Married,no,29.82
Satisfied,$40000~$59999,Male,Widowed/Divorced/Separated,no,22.35
Satisfied,$60000~$79999,Female,Married,no,28.5
Satisfied,$80000 or more,Female,Married,yes,28.99
Satisfied,less than $20000,Female,Widowed/Divorced/Separated,yes,31.34
Satisfied,less than $20000,Male,Common-law,yes,21.46
Satisfied,$20000~$39999,Male,Married,yes,28.87
Satisfied,less than $20000,Female,Single,yes,21.92
Satisfied,$40000~$59999,Female,Married,no,24.37
Satisfied,$80000 or more,Male,Married,no,23.66
Satisfied,$80000 or more,Female,Common-law,no,20.5
Satisfied,$20000~$39999,Male,Single,yes,25.73
Satisfied,$20000~$39999,Female,Widowed/Divorced/Separated,yes,26.82
Satisfied,$80000 or more,Female,Common-law,no,21.61
Satisfied,$20000~$39999,Male,Married,no,33.03
Satisfied,$80000 or more,Female,Married,no,26.25
Satisfied,$40000~$59999,Female,Widowed/Divorced/Separated,no,30.44
Satisfied,$80000 or more,Female,Married,no,24.37
Satisfied,less than $20000,Male,Married,no,26.52
Satisfied,$80000 or more,Female,Married,no,23.67
Satisfied,$80000 or more,Male,Married,no,37.05
Satisfied,$80000 or more,Male,Married,no,27.52
Satisfied,$80000 or more,Male,Married,yes,22.76
Satisfied,$80000 or more,Male,Married,no,41.47
Satisfied,less than $20000,Male,Single,yes,22.4
Satisfied,less than $20000,Female,Widowed/Divorced/Separated,yes,34.01
Satisfied,$80000 or more,Male,Single,no,26.19
Satisfied,$40000~$59999,Female,Single,no,37.33
Satisfied,$80000 or more,Male,Married,no,22.73
Satisfied,$60000~$79999,Male,Common-law,no,27.34
Satisfied,$80000 or more,Male,Married,yes,27.96
Satisfied,$60000~$79999,Male,Married,no,31.49
Satisfied,$60000~$79999,Male,Single,no,18.06
Satisfied,$80000 or more,Male,Married,no,24.4
Satisfied,$40000~$59999,Female,Common-law,no,23.72
Satisfied,$60000~$79999,Female,Married,no,25.62
Satisfied,$80000 or more,Female,Common-law,no,28.5
Satisfied,$80000 or more,Female,Married,no,19.84
Satisfied,$80000 or more,Female,Married,no,31.29
Satisfied,$40000~$59999,Female,Common-law,no,29.39
Satisfied,$80000 or more,Female,Married,no,31.29
Satisfied,$20000~$39999,Female,Single,yes,24.39
Satisfied,$80000 or more,Female,Married,no,25.82
Dissatisfied,$80000 or more,Female,Widowed/Divorced/Separated,no,31.43
Satisfied,$80000 or more,Male,Married,no,29.68
Satisfied,less than $20000,Female,Single,yes,25.04
Satisfied,$80000 or more,Female,Single,yes,23.07
Satisfied,$40000~$59999,Female,Widowed/Divorced/Separated,no,26.65
Dissatisfied,less than $20000,Female,Widowed/Divorced/Separated,yes,31.37
Satisfied,$80000 or more,Female,Married,no,34.99
Satisfied,$80000 or more,Male,Married,no,38.37
Satisfied,$80000 or more,Female,Common-law,no,24.37
Satisfied,$80000 or more,Female,Married,no,21.5
Satisfied,$80000 or more,Male,Widowed/Divorced/Separated,no,31.18
Satisfied,$60000~$79999,Male,Single,no,22.07
Satisfied,less than $20000,Male,Single,yes,20.75
Neither satisfied nor dissatisfied,$80000 or more,Male,Common-law,no,28.03
Satisfied,$40000~$59999,Female,Married,no,25.82
Satisfied,$80000 or more,Female,Single,no,23.18
Satisfied,$40000~$59999,Female,Widowed/Divorced/Separated,yes,21.89
Satisfied,$80000 or more,Male,Common-law,yes,25.74
Satisfied,$80000 or more,Male,Single,yes,28.37
Satisfied,less than $20000,Female,Widowed/Divorced/Separated,yes,40.28
Satisfied,$80000 or more,Male,Married,no,29.61
Satisfied,$20000~$39999,Female,Single,no,27.63
Satisfied,$80000 or more,Female,Single,no,25.62
Satisfied,$40000~$59999,Male,Single,yes,24.96
Satisfied,$80000 or more,Female,Married,no,18.82
Satisfied,$80000 or more,Male,Married,no,35.11
Satisfied,$40000~$59999,Male,Common-law,no,38.4
Satisfied,$60000~$79999,Male,Married,yes,30.77
Dissatisfied,$60000~$79999,Male,Widowed/Divorced/Separated,no,36.25
Satisfied,$40000~$59999,Male,Single,yes,24.13
Satisfied,$20000~$39999,Female,Widowed/Divorced/Separated,no,22.38
Dissatisfied,$80000 or more,Female,Married,no,25.25
Satisfied,$20000~$39999,Male,Widowed/Divorced/Separated,no,27.15
Satisfied,$40000~$59999,Female,Common-law,yes,31.29
Satisfied,$40000~$59999,Male,Widowed/Divorced/Separated,yes,26.39
Satisfied,$80000 or more,Male,Married,no,29.32
Satisfied,$60000~$79999,Female,Married,no,34.59
Satisfied,$80000 or more,Female,Married,yes,27
Dissatisfied,$80000 or more,Male,Common-law,no,21.49
Satisfied,$80000 or more,Male,Married,no,32.62
Satisfied,$40000~$59999,Female,Single,no,21.98
Satisfied,$80000 or more,Female,Single,no,36.26
Satisfied,$60000~$79999,Male,Single,no,31.42
Satisfied,$80000 or more,Male,Married,no,26.13
Satisfied,$60000~$79999,Male,Married,no,37.37
Satisfied,$80000 or more,Male,Married,yes,37.8
Satisfied,$80000 or more,Female,Married,no,26.72
Satisfied,$20000~$39999,Female,Married,no,22.97
Satisfied,$60000~$79999,Female,Widowed/Divorced/Separated,no,29.12
Satisfied,$80000 or more,Male,Married,no,28.33
Satisfied,$60000~$79999,Male,Common-law,no,24.92
Satisfied,$20000~$39999,Female,Widowed/Divorced/Separated,yes,30.2
Satisfied,$80000 or more,Female,Married,no,30.68
Satisfied,$40000~$59999,Male,Widowed/Divorced/Separated,yes,35.11
Satisfied,$80000 or more,Male,Married,no,35.12
Neither satisfied nor dissatisfied,less than $20000,Female,Single,no,40.3
Satisfied,$80000 or more,Female,Single,no,22.88
Satisfied,$20000~$39999,Male,Single,yes,27.87
Satisfied,$80000 or more,Female,Common-law,no,28.5
Satisfied,$80000 or more,Male,Married,no,26.42
Satisfied,less than $20000,Female,Single,yes,19.2
Neither satisfied nor dissatisfied,$40000~$59999,Male,Common-law,yes,36.75
Satisfied,$80000 or more,Female,Common-law,no,22.97
Satisfied,$80000 or more,Female,Married,no,24.46
Satisfied,$80000 or more,Female,Married,no,29.07
Satisfied,less than $20000,Female,Widowed/Divorced/Separated,yes,33.39
Satisfied,$60000~$79999,Male,Married,no,31.7
Satisfied,$80000 or more,Male,Married,no,32.44
Satisfied,$40000~$59999,Male,Married,no,30.44
Satisfied,$80000 or more,Female,Married,no,24.17
Dissatisfied,$20000~$39999,Male,Widowed/Divorced/Separated,no,40.27
Satisfied,$20000~$39999,Female,Married,no,28.4
Satisfied,$20000~$39999,Female,Widowed/Divorced/Separated,no,41.28
Satisfied,$60000~$79999,Male,Common-law,no,23.5
Satisfied,$40000~$59999,Male,Married,no,34.38
Satisfied,$60000~$79999,Male,Married,no,27.09
Satisfied,$80000 or more,Female,Common-law,no,30.54
Satisfied,$80000 or more,Male,Common-law,no,29.56
Satisfied,less than $20000,Male,Widowed/Divorced/Separated,no,26.49
Satisfied,$20000~$39999,Female,Married,yes,18.36
Dissatisfied,$40000~$59999,Male,Common-law,yes,38.43
Satisfied,$20000~$39999,Male,Common-law,no,23.11
Satisfied,$80000 or more,Male,Single,no,32.14
Satisfied,$80000 or more,Female,Married,no,25.14
Satisfied,$20000~$39999,Male,Single,no,26.22
Satisfied,$20000~$39999,Female,Married,no,29.45
Satisfied,$80000 or more,Female,Single,yes,27.53
Satisfied,$80000 or more,Female,Married,no,31.29
Satisfied,$60000~$79999,Female,Common-law,yes,20.51
Satisfied,$60000~$79999,Female,Married,no,37.33
Satisfied,$80000 or more,Female,Married,no,27.79
Satisfied,$40000~$59999,Male,Single,yes,24.54
Satisfied,$60000~$79999,Male,Single,yes,27.96
Satisfied,$40000~$59999,Female,Widowed/Divorced/Separated,yes,22.55
Satisfied,$60000~$79999,Male,Married,no,29.95
Satisfied,$60000~$79999,Male,Common-law,no,26.5
Satisfied,$20000~$39999,Female,Married,yes,20.41
Satisfied,$80000 or more,Male,Common-law,no,22.01
Satisfied,$60000~$79999,Female,Married,yes,37.27
Satisfied,$20000~$39999,Female,Single,no,25.64
Satisfied,$60000~$79999,Female,Common-law,no,27.61
Satisfied,less than $20000,Male,Widowed/Divorced/Separated,no,28.33
Satisfied,$60000~$79999,Male,Married,no,31.22
Satisfied,$80000 or more,Female,Widowed/Divorced/Separated,no,20.75
Satisfied,$20000~$39999,Female,Single,no,22.44
Satisfied,$60000~$79999,Female,Single,yes,24.37
Satisfied,$60000~$79999,Male,Married,no,29.77
Satisfied,less than $20000,Female,Single,yes,22.62
Satisfied,less than $20000,Female,Single,yes,18.4
Satisfied,$40000~$59999,Female,Single,yes,29.35
Satisfied,$20000~$39999,Male,Single,yes,31.51
Satisfied,$40000~$59999,Female,Single,yes,24.37
Satisfied,$80000 or more,Male,Single,yes,27.25
Satisfied,$80000 or more,Male,Widowed/Divorced/Separated,yes,36.61
Satisfied,$80000 or more,Male,Married,no,27.08
Satisfied,$20000~$39999,Male,Single,yes,27.69
Satisfied,$20000~$39999,Female,Married,no,25.75
Satisfied,$80000 or more,Female,Common-law,no,22.11
Satisfied,$80000 or more,Male,Single,no,23.27
Satisfied,$20000~$39999,Female,Widowed/Divorced/Separated,yes,36.36
Satisfied,$20000~$39999,Female,Single,yes,24.93
Satisfied,$80000 or more,Male,Single,yes,26.52
Satisfied,$40000~$59999,Female,Married,yes,28.48
Satisfied,$80000 or more,Male,Widowed/Divorced/Separated,yes,29.46
Satisfied,$40000~$59999,Female,Widowed/Divorced/Separated,no,23.53
Satisfied,$20000~$39999,Male,Widowed/Divorced/Separated,yes,26.32
Satisfied,$80000 or more,Male,Widowed/Divorced/Separated,yes,37.22
Satisfied,$20000~$39999,Female,Widowed/Divorced/Separated,yes,24.03
Satisfied,$80000 or more,Female,Married,yes,35.76
Satisfied,$20000~$39999,Female,Common-law,no,28.5
Satisfied,$40000~$59999,Female,Single,no,22.83
Satisfied,$80000 or more,Female,Married,no,22.05
Satisfied,$80000 or more,Male,Common-law,yes,34.54
Satisfied,$60000~$79999,Female,Single,no,21.44
Satisfied,$80000 or more,Female,Married,no,25.91
Neither satisfied nor dissatisfied,less than $20000,Female,Widowed/Divorced/Separated,no,25.62
Satisfied,$80000 or more,Female,Widowed/Divorced/Separated,no,31.29
Satisfied,$20000~$39999,Female,Single,no,20.7
Satisfied,$40000~$59999,Female,Single,no,40.2
Satisfied,$80000 or more,Male,Married,no,26.52
Satisfied,$40000~$59999,Female,Married,no,31.34
Dissatisfied,less than $20000,Female,Single,yes,32.62
Satisfied,$40000~$59999,Female,Widowed/Divorced/Separated,no,29.22
Neither satisfied nor dissatisfied,less than $20000,Female,Single,yes,19.47
Satisfied,$80000 or more,Female,Widowed/Divorced/Separated,no,22.25
Satisfied,$80000 or more,Male,Married,no,30.31
Satisfied,$40000~$59999,Male,Common-law,yes,31.69
Satisfied,$20000~$39999,Female,Widowed/Divorced/Separated,no,18.62
Satisfied,$80000 or more,Female,Married,no,25.46
Satisfied,$80000 or more,Male,Married,no,27.96
Satisfied,$20000~$39999,Male,Widowed/Divorced/Separated,no,30.44
Satisfied,$40000~$59999,Female,Single,yes,22.05
Satisfied,$80000 or more,Male,Single,yes,21.26
Satisfied,$60000~$79999,Male,Common-law,no,26.52
Satisfied,$80000 or more,Male,Married,no,23.77
Satisfied,$40000~$59999,Male,Widowed/Divorced/Separated,no,27.07
Neither satisfied nor dissatisfied,less than $20000,Female,Widowed/Divorced/Separated,no,21.9
Satisfied,$40000~$59999,Female,Single,no,23.46
Satisfied,$80000 or more,Male,Married,no,25.68
Satisfied,less than $20000,Female,Widowed/Divorced/Separated,no,21.12
Satisfied,$80000 or more,Female,Widowed/Divorced/Separated,no,46.08
Satisfied,$80000 or more,Male,Widowed/Divorced/Separated,no,32.62
Dissatisfied,$20000~$39999,Female,Single,yes,31.12
Satisfied,$80000 or more,Male,Married,no,22.08
Satisfied,$40000~$59999,Male,Widowed/Divorced/Separated,no,23.15
Satisfied,$40000~$59999,Female,Widowed/Divorced/Separated,no,22.55
Satisfied,$60000~$79999,Female,Married,no,25.98
Satisfied,$80000 or more,Female,Married,no,42.75
Satisfied,$80000 or more,Male,Common-law,no,26.5
Satisfied,$40000~$59999,Male,Married,no,31.85
Satisfied,$60000~$79999,Male,Single,no,23.57
Satisfied,$20000~$39999,Female,Married,no,31.88
Satisfied,$80000 or more,Male,Married,yes,34.54
Satisfied,$20000~$39999,Male,Single,no,20.47
Dissatisfied,less than $20000,Male,Single,no,23.92
Satisfied,$80000 or more,Male,Common-law,no,26.49
Satisfied,$60000~$79999,Male,Married,no,44.38
Satisfied,$80000 or more,Male,Married,no,29.91
Satisfied,$80000 or more,Female,Married,no,21.1
Satisfied,$80000 or more,Male,Widowed/Divorced/Separated,no,26.33
Satisfied,$80000 or more,Male,Married,no,31.19
Dissatisfied,$40000~$59999,Female,Married,no,32.47
Satisfied,$80000 or more,Female,Married,no,22.05
Satisfied,$60000~$79999,Male,Single,no,28.15
Satisfied,$80000 or more,Female,Married,no,34.38
Neither satisfied nor dissatisfied,$80000 or more,Male,Single,no,21.6
Satisfied,$60000~$79999,Female,Married,no,21.57
Satisfied,$80000 or more,Male,Single,yes,25.4
Satisfied,$20000~$39999,Male,Single,no,34.38
Satisfied,$40000~$59999,Male,Single,no,28.15
Satisfied,less than $20000,Female,Single,yes,27.38
Satisfied,$80000 or more,Male,Married,no,24.9
Satisfied,$80000 or more,Male,Married,no,26.5
Satisfied,$80000 or more,Male,Married,no,40.9
Satisfied,$40000~$59999,Female,Single,no,23.14
Satisfied,$40000~$59999,Male,Married,no,23.89
Satisfied,less than $20000,Female,Widowed/Divorced/Separated,yes,32.8
Satisfied,$80000 or more,Female,Married,no,22.11
Satisfied,$40000~$59999,Female,Married,no,25.91
Satisfied,$20000~$39999,Female,Married,no,31.11
Satisfied,less than $20000,Male,Single,yes,38.57
Satisfied,$40000~$59999,Female,Married,yes,25.62
Satisfied,$60000~$79999,Female,Widowed/Divorced/Separated,no,31.12
Satisfied,$60000~$79999,Female,Common-law,yes,30.29
Satisfied,$80000 or more,Female,Married,no,28.4
Satisfied,$80000 or more,Male,Widowed/Divorced/Separated,yes,30.62
Satisfied,$80000 or more,Female,Common-law,no,24.09
Satisfied,$80000 or more,Male,Common-law,no,31.49
Satisfied,$80000 or more,Female,Married,no,30.29
Satisfied,$60000~$79999,Male,Married,yes,28.79
Satisfied,$80000 or more,Female,Married,no,37.45
Satisfied,$80000 or more,Female,Widowed/Divorced/Separated,no,28.86
Satisfied,$20000~$39999,Male,Single,no,27.33
Satisfied,$20000~$39999,Male,Single,no,23.05
Satisfied,$80000 or more,Male,Married,no,37.65
Satisfied,$80000 or more,Female,Common-law,no,22.44
Satisfied,$80000 or more,Male,Single,yes,26.5
Satisfied,$80000 or more,Female,Married,no,26.82
Satisfied,$80000 or more,Male,Married,no,33.64
Satisfied,$80000 or more,Female,Married,no,33.87
Satisfied,$20000~$39999,Male,Widowed/Divorced/Separated,no,28.95
Satisfied,$80000 or more,Male,Widowed/Divorced/Separated,no,29.01
Satisfied,$80000 or more,Male,Married,no,27.36
Satisfied,$60000~$79999,Female,Widowed/Divorced/Separated,yes,29.12
Dissatisfied,less than $20000,Male,Widowed/Divorced/Separated,yes,29.33
Neither satisfied nor dissatisfied,$60000~$79999,Female,Widowed/Divorced/Separated,no,21.34
Satisfied,$80000 or more,Female,Married,no,32.55
Satisfied,$60000~$79999,Female,Married,no,28.5
Satisfied,$80000 or more,Female,Married,no,28.86
Neither satisfied nor dissatisfied,$20000~$39999,Female,Widowed/Divorced/Separated,yes,39.31
Dissatisfied,less than $20000,Male,Single,yes,25.64
Satisfied,$40000~$59999,Female,Widowed/Divorced/Separated,no,30.38
Satisfied,$80000 or more,Female,Married,no,26.49
Neither satisfied nor dissatisfied,$80000 or more,Male,Married,no,26.16
Satisfied,$80000 or more,Male,Married,no,36.56
Satisfied,$80000 or more,Female,Common-law,no,30.2
Satisfied,$60000~$79999,Male,Married,no,24.29
Satisfied,$20000~$39999,Male,Married,no,25.74
Satisfied,$80000 or more,Male,Married,no,22.63
Satisfied,$40000~$59999,Male,Common-law,yes,29.56
Satisfied,$40000~$59999,Female,Married,no,39.07
Satisfied,$80000 or more,Female,Married,no,26.04
Satisfied,$20000~$39999,Male,Widowed/Divorced/Separated,no,29.77
Satisfied,$80000 or more,Female,Married,no,22.88
Satisfied,$60000~$79999,Male,Single,no,27.52
Satisfied,$60000~$79999,Female,Widowed/Divorced/Separated,yes,25.33
Neither satisfied nor dissatisfied,$20000~$39999,Female,Widowed/Divorced/Separated,no,33.49
Satisfied,$40000~$59999,Female,Single,no,39.07
Satisfied,$80000 or more,Male,Married,no,28.94
Satisfied,less than $20000,Male,Married,no,29.14
Dissatisfied,$20000~$39999,Male,Widowed/Divorced/Separated,yes,30.31
Satisfied,$20000~$39999,Male,Widowed/Divorced/Separated,no,16.8
Satisfied,$20000~$39999,Male,Single,no,28.72
Satisfied,less than $20000,Male,Single,no,32.62
Satisfied,$80000 or more,Female,Married,no,33.87
Satisfied,$60000~$79999,Male,Single,no,22.33
Satisfied,$80000 or more,Male,Single,no,22.33
Satisfied,$80000 or more,Female,Married,no,30.44
Satisfied,$80000 or more,Male,Married,no,29.18
Satisfied,$40000~$59999,Male,Married,no,22.47
Satisfied,$80000 or more,Male,Common-law,no,39.88
Satisfied,$20000~$39999,Female,Widowed/Divorced/Separated,no,25.29
Neither satisfied nor dissatisfied,$80000 or more,Male,Common-law,no,20.84
Satisfied,$80000 or more,Female,Married,no,26.58
Satisfied,less than $20000,Female,Married,yes,26.74
Satisfied,$60000~$79999,Female,Married,no,30.91
Satisfied,$40000~$59999,Male,Single,yes,30.05
Satisfied,$80000 or more,Male,Single,no,26.52
Satisfied,$80000 or more,Male,Married,no,31.85
Satisfied,$80000 or more,Male,Married,no,27.22
Satisfied,$80000 or more,Male,Married,no,26.32
Satisfied,$80000 or more,Female,Married,no,21.26
Satisfied,$80000 or more,Male,Married,no,27.52
Satisfied,$80000 or more,Male,Married,no,23.53
Satisfied,$80000 or more,Female,Common-law,no,25.14
Satisfied,$60000~$79999,Female,Single,yes,26.31
Neither satisfied nor dissatisfied,$20000~$39999,Female,Married,no,24.93
Satisfied,less than $20000,Male,Single,yes,21.77
Satisfied,$60000~$79999,Male,Married,no,29.06
Satisfied,$40000~$59999,Male,Single,yes,24.97
Satisfied,$80000 or more,Male,Single,no,23.82
Dissatisfied,$40000~$59999,Male,Single,no,31.18
Satisfied,$80000 or more,Female,Single,no,27.64
Satisfied,$20000~$39999,Male,Widowed/Divorced/Separated,yes,30.43
Satisfied,$40000~$59999,Female,Widowed/Divorced/Separated,no,22.38
Satisfied,less than $20000,Male,Single,no,32.68
Satisfied,$80000 or more,Female,Married,no,30.38
Dissatisfied,$40000~$59999,Female,Widowed/Divorced/Separated,no,23.14
Satisfied,$60000~$79999,Female,Married,no,36.55
Satisfied,less than $20000,Male,Widowed/Divorced/Separated,no,24.34
Satisfied,$80000 or more,Female,Married,no,40.53
Satisfied,$20000~$39999,Male,Single,no,25.7
Satisfied,$80000 or more,Male,Common-law,no,34.15
Satisfied,$60000~$79999,Male,Married,no,28.07
Satisfied,$80000 or more,Female,Married,no,37.33
Satisfied,$60000~$79999,Female,Married,no,24.2
Satisfied,$20000~$39999,Male,Married,no,28.95
Satisfied,$20000~$39999,Male,Widowed/Divorced/Separated,yes,24.83
Satisfied,$80000 or more,Male,Widowed/Divorced/Separated,no,31.68
Satisfied,$40000~$59999,Male,Married,no,32.62
Satisfied,$80000 or more,Male,Single,no,24.68
Satisfied,less than $20000,Male,Widowed/Divorced/Separated,yes,31.56
Satisfied,$80000 or more,Female,Married,no,25.82
Satisfied,$80000 or more,Female,Married,no,30.77
Satisfied,$80000 or more,Female,Single,no,23.3
Satisfied,$20000~$39999,Female,Widowed/Divorced/Separated,yes,25.98
Satisfied,$80000 or more,Female,Married,yes,30.25
Satisfied,$80000 or more,Female,Married,no,22.32
Satisfied,$80000 or more,Male,Married,no,26.56
Satisfied,$80000 or more,Male,Single,no,28.53
Satisfied,$40000~$59999,Male,Married,no,24.25
Satisfied,$80000 or more,Female,Married,no,30.25
Satisfied,$80000 or more,Male,Married,no,29.56
Satisfied,$40000~$59999,Female,Widowed/Divorced/Separated,no,27.24
Satisfied,$80000 or more,Male,Married,no,25.98
Dissatisfied,$20000~$39999,Female,Widowed/Divorced/Separated,no,45.23
Satisfied,$60000~$79999,Male,Single,no,25.73
Satisfied,$20000~$39999,Male,Widowed/Divorced/Separated,yes,28.15
Satisfied,$20000~$39999,Male,Widowed/Divorced/Separated,yes,28.64
Satisfied,$80000 or more,Female,Married,no,21.27
Satisfied,$80000 or more,Male,Widowed/Divorced/Separated,no,23.5
Satisfied,$80000 or more,Male,Married,no,24.5
Satisfied,$20000~$39999,Female,Single,yes,30.18
Satisfied,$60000~$79999,Male,Common-law,no,31.4
Satisfied,$80000 or more,Male,Married,no,24.92
Satisfied,$60000~$79999,Male,Widowed/Divorced/Separated,no,30.5
Satisfied,$80000 or more,Female,Married,no,20.83
Satisfied,$40000~$59999,Male,Single,no,25.73
Satisfied,$20000~$39999,Female,Single,yes,22.76
Satisfied,$60000~$79999,Female,Widowed/Divorced/Separated,yes,34.59
Dissatisfied,$20000~$39999,Male,Married,yes,21.65
Dissatisfied,$80000 or more,Female,Widowed/Divorced/Separated,no,44.61
Satisfied,$40000~$59999,Male,Married,no,36.16
Satisfied,less than $20000,Male,Widowed/Divorced/Separated,no,27.52
Satisfied,$40000~$59999,Male,Married,no,32.21
Satisfied,$20000~$39999,Female,Widowed/Divorced/Separated,no,33.14
Neither satisfied nor dissatisfied,less than $20000,Male,Married,no,23.43
Satisfied,$60000~$79999,Male,Married,no,21.68
Satisfied,$80000 or more,Male,Married,yes,24.24
Satisfied,$40000~$59999,Female,Married,no,32.3
Satisfied,$80000 or more,Female,Married,no,26.72
Satisfied,$60000~$79999,Female,Widowed/Divorced/Separated,no,23.82
Satisfied,$80000 or more,Female,Single,no,39.53
Satisfied,$20000~$39999,Male,Single,no,22.08
Satisfied,$60000~$79999,Female,Single,no,24.67
Satisfied,$20000~$39999,Male,Single,no,48.23
Dissatisfied,less than $20000,Female,Single,yes,33.75
Satisfied,$40000~$59999,Male,Married,no,24.96
Satisfied,$80000 or more,Male,Married,no,17.77
Satisfied,$40000~$59999,Female,Widowed/Divorced/Separated,no,20.25
Neither satisfied nor dissatisfied,$60000~$79999,Male,Married,no,21.65
Satisfied,$80000 or more,Male,Common-law,no,29.56
Satisfied,$80000 or more,Female,Common-law,no,23.46
Satisfied,$20000~$39999,Female,Single,yes,27.99
Satisfied,$80000 or more,Male,Single,yes,29.28
Satisfied,less than $20000,Female,Widowed/Divorced/Separated,yes,27.53
Satisfied,$80000 or more,Female,Widowed/Divorced/Separated,yes,27.53
Satisfied,$80000 or more,Male,Married,no,26.49
Satisfied,$80000 or more,Male,Married,no,23.5
Satisfied,$20000~$39999,Male,Married,no,36.42
Satisfied,$20000~$39999,Female,Married,no,22.37
Satisfied,$40000~$59999,Female,Single,no,41.59
Satisfied,$40000~$59999,Female,Widowed/Divorced/Separated,no,24.17
Satisfied,$20000~$39999,Male,Married,no,29.45
Satisfied,$40000~$59999,Male,Married,no,30.76
Satisfied,$40000~$59999,Male,Married,no,23.27
Satisfied,$20000~$39999,Female,Widowed/Divorced/Separated,no,21.98
Satisfied,$80000 or more,Male,Married,no,29.85
Satisfied,$40000~$59999,Male,Widowed/Divorced/Separated,no,22.87
Neither satisfied nor dissatisfied,$20000~$39999,Female,Widowed/Divorced/Separated,no,23.54
Satisfied,$40000~$59999,Male,Single,yes,38.7
Satisfied,less than $20000,Female,Widowed/Divorced/Separated,no,21.81
Satisfied,$80000 or more,Female,Single,no,25.91
Satisfied,$20000~$39999,Male,Married,no,22.76
Satisfied,$20000~$39999,Female,Single,no,23.54
Neither satisfied nor dissatisfied,$40000~$59999,Male,Married,no,23.07
Satisfied,$80000 or more,Female,Widowed/Divorced/Separated,no,24.09
Satisfied,$80000 or more,Female,Single,no,30.67
Satisfied,$80000 or more,Female,Married,no,22.62
Satisfied,$20000~$39999,Female,Widowed/Divorced/Separated,yes,45
Satisfied,$80000 or more,Male,Widowed/Divorced/Separated,no,29.06
Satisfied,$80000 or more,Male,Single,no,36.26
Satisfied,$80000 or more,Male,Married,no,29.32
Satisfied,$40000~$59999,Male,Single,no,30.58
Satisfied,less than $20000,Male,Single,yes,18.61
Satisfied,$60000~$79999,Male,Married,no,34.91
Dissatisfied,$60000~$79999,Male,Married,yes,31.23
Satisfied,$80000 or more,Male,Married,no,26.49
Satisfied,$40000~$59999,Male,Single,no,27.87
Satisfied,$60000~$79999,Female,Widowed/Divorced/Separated,yes,18.73
Satisfied,$80000 or more,Male,Single,yes,30.94
Satisfied,$80000 or more,Male,Married,no,30.74
Neither satisfied nor dissatisfied,$20000~$39999,Male,Single,yes,33.39
Satisfied,$80000 or more,Male,Single,yes,24.98
Satisfied,$40000~$59999,Female,Single,no,26.51
Satisfied,$20000~$39999,Female,Married,no,31.88
Satisfied,$40000~$59999,Female,Married,no,22.25
Satisfied,$80000 or more,Female,Married,no,30.55
Satisfied,less than $20000,Male,Single,no,27.87
Satisfied,$80000 or more,Male,Married,no,24.14
Dissatisfied,$60000~$79999,Male,Widowed/Divorced/Separated,no,24.2
Satisfied,$60000~$79999,Female,Widowed/Divorced/Separated,no,18.57
Satisfied,$80000 or more,Male,Common-law,no,27.61
Satisfied,$80000 or more,Male,Married,yes,22.07
Satisfied,$80000 or more,Male,Married,no,25.55
Satisfied,$40000~$59999,Female,Single,no,26.81
Neither satisfied nor dissatisfied,$80000 or more,Female,Married,no,26.72
Satisfied,$80000 or more,Female,Married,no,29.45
Satisfied,$80000 or more,Male,Married,no,30.44
Satisfied,$80000 or more,Male,Single,no,27.87
Satisfied,$80000 or more,Male,Married,yes,27.29
Satisfied,$40000~$59999,Female,Common-law,no,25.91
Satisfied,$80000 or more,Male,Widowed/Divorced/Separated,yes,20.64
Satisfied,$40000~$59999,Male,Common-law,no,23.43
Satisfied,$80000 or more,Male,Single,no,35.68
Satisfied,$20000~$39999,Female,Single,yes,30.2
Satisfied,$80000 or more,Male,Married,no,24.9
Satisfied,$80000 or more,Female,Married,no,24.47
Satisfied,less than $20000,Male,Common-law,yes,27.34
Satisfied,$80000 or more,Female,Married,no,28.36
Neither satisfied nor dissatisfied,$60000~$79999,Male,Widowed/Divorced/Separated,no,24.2
Satisfied,less than $20000,Male,Married,yes,25.62
Satisfied,$20000~$39999,Male,Married,no,30.9
Satisfied,$40000~$59999,Female,Married,no,29.4
Satisfied,$80000 or more,Female,Single,no,29.39
Satisfied,$80000 or more,Male,Married,no,29.56
Satisfied,$80000 or more,Female,Single,yes,27.53
Satisfied,$60000~$79999,Male,Married,no,22.08
Satisfied,$80000 or more,Female,Married,no,39.93
Satisfied,$40000~$59999,Male,Common-law,yes,32.16
Satisfied,$80000 or more,Male,Married,no,34.15
Satisfied,$80000 or more,Male,Married,no,25.66
Satisfied,$80000 or more,Female,Married,no,22.25
Satisfied,less than $20000,Male,Single,yes,22.37
Neither satisfied nor dissatisfied,less than $20000,Female,Widowed/Divorced/Separated,no,19.23
Satisfied,$20000~$39999,Male,Single,yes,23.58
Satisfied,$80000 or more,Male,Married,no,24.13
Satisfied,$40000~$59999,Female,Married,no,25.75
Dissatisfied,less than $20000,Male,Single,yes,20.98
Satisfied,$80000 or more,Male,Single,no,29.65
Satisfied,less than $20000,Female,Widowed/Divorced/Separated,yes,32.98
Satisfied,$80000 or more,Male,Married,no,31.4
Satisfied,$80000 or more,Female,Married,no,20.93
Satisfied,$20000~$39999,Male,Widowed/Divorced/Separated,no,26.46
Satisfied,$80000 or more,Male,Common-law,no,27.36
Satisfied,$20000~$39999,Female,Married,no,27.48
Satisfied,$40000~$59999,Female,Married,no,25.98
Satisfied,$80000 or more,Female,Married,yes,24.3
Satisfied,$40000~$59999,Male,Single,no,27.96
Satisfied,$40000~$59999,Female,Widowed/Divorced/Separated,no,25.91
Satisfied,$60000~$79999,Female,Single,yes,34.1
Satisfied,$80000 or more,Male,Widowed/Divorced/Separated,no,28.79
Satisfied,$80000 or more,Female,Common-law,no,29.35
Satisfied,$20000~$39999,Female,Widowed/Divorced/Separated,yes,20.75
Satisfied,$40000~$59999,Female,Single,yes,21.34
Satisfied,$20000~$39999,Female,Single,yes,21.1
Satisfied,$80000 or more,Male,Married,yes,22.81
Satisfied,$80000 or more,Male,Married,no,35.45
Satisfied,$40000~$59999,Female,Married,no,26.67
Satisfied,$40000~$59999,Female,Married,no,30.38
Satisfied,$80000 or more,Male,Common-law,no,27.6
Dissatisfied,less than $20000,Male,Single,yes,21.34
Satisfied,$80000 or more,Female,Married,no,26.82
Satisfied,$80000 or more,Female,Common-law,no,32.09
Satisfied,$80000 or more,Female,Married,no,21.1
Satisfied,$60000~$79999,Female,Single,no,21.77
